LGA_Name,State,Latitude,Longitude,mean_nightlight_intensity,MPI,Headcount_Ratio,Intensity_of_Deprivation,In_Severe_Poverty,population_density,health_facility_count,school_count,road_density_km,ndvi_mean,rainfall_mm,idp_count,food_price_index,composite_poverty_score,cluster,cluster_label,risk_level
Aba North,Abia,5.33333333,7.31666667,1.0802054892734987,0.0419,9.3971,44.6266,3.3537,976.0618985066469,106.0,334.0,2.9258,0.5077218107499085,2332.0694288615146,0.0,0.0,0.041645095,1,High Risk - Severe Poverty,High
Aba South,Abia,5.1,7.35,0.637621157883126,0.0419,9.3971,44.6266,3.3537,976.0618985066468,87.0,334.0,2.9258,0.4740546804295606,2385.1900350996807,0.0,0.0,0.041658614,1,High Risk - Severe Poverty,High
Arochukwu,Abia,5.38333333,7.91666667,0.014918226434072857,0.0419,9.3971,44.6266,3.3537,976.0618985066469,68.0,334.0,2.9258,0.282414240845015,2381.3011769199493,0.0,0.0,0.040620647,1,High Risk - Severe Poverty,High
Bende,Abia,5.56666667,7.63333333,0.0006944497732015757,0.0419,9.3971,44.6266,3.3537,976.0618985066469,77.0,334.0,2.9258,0.4686603375728907,2386.201046957124,0.0,0.0,0.04176357,1,High Risk - Severe Poverty,High
Ikwuano,Abia,5.43333333,7.56666667,0.030060560580134562,0.0419,9.3971,44.6266,3.3537,976.0618985066469,57.0,334.0,2.9258,0.5214942632455933,2567.6756833863346,0.0,0.0,0.04176088,1,High Risk - Severe Poverty,High
Isiala Ngwa North,Abia,5.388966,7.446948,0.1731317228818146,0.0419,9.3971,44.6266,3.3537,976.061898506647,0.0,334.0,2.9258,0.5288456772498105,2286.4889022740967,0.0,0.0,0.042202007,1,High Risk - Severe Poverty,High
Isiala Ngwa South,Abia,5.36241,7.39998,0.1711669770404224,0.0419,9.3971,44.6266,3.3537,976.0618985066468,0.0,334.0,2.9258,0.597152646521826,2323.1315042899587,0.0,0.0,0.042216964,1,High Risk - Severe Poverty,High
Isuikwuato,Abia,5.533333,7.483333,0.00198605889454484,0.0419,9.3971,44.6266,3.3537,976.0618985066468,58.0,334.0,2.9258,0.4686603375728907,2386.201046957124,0.0,0.0,0.041903377,1,High Risk - Severe Poverty,High
Obi Ngwa,Abia,5.155402,7.457067,0.18905690202707287,0.0419,9.3971,44.6266,3.3537,976.0618985066469,110.0,334.0,2.9258,0.5579042054819942,2265.5270326007258,0.0,0.0,0.04142299,1,High Risk - Severe Poverty,High
Ohafia,Abia,5.61666667,7.83333333,0.0019547693163532334,0.0419,9.3971,44.6266,3.3537,976.0618985066469,77.0,334.0,2.9258,0.4686603375728907,2386.201046957124,0.0,0.0,0.041903377,1,High Risk - Severe Poverty,High
Osisioma,Abia,5.14972222,7.33027778,0.12802883338980786,0.0419,9.3971,44.6266,3.3537,976.0618985066469,0.0,334.0,2.9258,0.5428230888322598,2232.0338562939314,0.0,0.0,0.0409695,1,High Risk - Severe Poverty,High
Ugwunagbo,Abia,4.984474,7.325783,0.019556123504007206,0.0419,9.3971,44.6266,3.3537,976.0618985066469,57.0,334.0,2.9258,0.4686603375728907,2386.201046957124,0.0,0.0,0.04189226,1,High Risk - Severe Poverty,High
Ukwa East,Abia,4.8872,7.3572,0.0019843640426794686,0.0419,9.3971,44.6266,3.3537,976.0618985066469,45.0,334.0,2.9258,0.5309324911986446,2270.5820918879413,0.0,0.0,0.04186607,1,High Risk - Severe Poverty,High
Ukwa West,Abia,4.9884,7.2425,0.6153122694824292,0.0419,9.3971,44.6266,3.3537,976.0618985066469,55.0,334.0,2.9258,0.4686603375728907,2386.201046957124,0.0,0.0,0.04205069,1,High Risk - Severe Poverty,High
Umu-Nneochi,Abia,5.985662,7.469005,0.0013053510253785423,0.0419,9.3971,44.6266,3.3537,976.0618985066468,0.0,334.0,2.9258,0.47258127787102994,2227.320205168772,0.0,0.0,0.04166058,1,High Risk - Severe Poverty,High
Umuahia North,Abia,5.5333,7.4833,0.30302807426813877,0.0419,9.3971,44.6266,3.3537,976.0618985066468,131.0,334.0,2.9258,0.4740546804295606,2385.190035099681,0.0,0.0,0.041646857,1,High Risk - Severe Poverty,High
Umuahia South,Abia,5.515311,7.447314,0.21699606927845122,0.0419,9.3971,44.6266,3.3537,976.0618985066468,55.0,334.0,2.9258,0.5007388818252921,2379.37685372988,0.0,0.0,0.042156875,1,High Risk - Severe Poverty,High
Demsa,Adamawa,9.41666667,12.13333333,0.006955290430009702,0.182,39.0971,46.545,15.2143,122.39986289753735,95.0,295.0,0.51,0.4663662912086589,2126.121687346929,17916.0,0.0,0.18215339,1,High Risk - Severe Poverty,High
Fufore,Adamawa,9.21666667,12.65,0.001532194039785678,0.182,39.0971,46.545,15.2143,122.39986289753736,104.0,295.0,0.51,0.5063043124708099,2306.850457687444,8496.0,0.0,0.18220752,1,High Risk - Severe Poverty,High
Ganye,Adamawa,8.43333,12.0667,0.004164581393547371,0.182,39.0971,46.545,15.2143,122.39986289753735,81.0,295.0,0.51,0.41613948093838254,1699.8312355771336,673.0,0.0,0.18200752,1,High Risk - Severe Poverty,High
Girei,Adamawa,9.36667,12.55,0.03673066743887214,0.182,39.0971,46.545,15.2143,122.39986289753735,45.0,295.0,0.51,0.34560262996955277,2359.0623232466837,20645.0,0.0,0.18201968,1,High Risk - Severe Poverty,High
Gombi,Adamawa,10.16222222,12.74,0.0046632312427128545,0.182,39.0971,46.545,15.2143,122.39986289753736,70.0,295.0,0.51,0.4453620380919531,1629.848184540762,4031.0,0.0,0.18174438,1,High Risk - Severe Poverty,High
Guyuk,Adamawa,9.90555556,11.92833333,0.009142343615705841,0.182,39.0971,46.545,15.2143,122.39986289753735,69.0,295.0,0.51,0.4826834913255397,2514.4699760433427,6762.0,0.0,0.18195313,1,High Risk - Severe Poverty,High
Hong,Adamawa,10.23166667,12.93027778,0.0027895367712945504,0.182,39.0971,46.545,15.2143,122.39986289753735,102.0,295.0,0.51,0.3856118404992724,1608.8919071002715,5285.0,0.0,0.18204358,1,High Risk - Severe Poverty,High
Jada,Adamawa,8.76666667,12.15,0.002089306706993976,0.182,39.0971,46.545,15.2143,122.39986289753735,84.0,295.0,0.51,0.5451715006928023,2618.714943476002,438.0,0.0,0.18211286,1,High Risk - Severe Poverty,High
Lamurde,Adamawa,9.6,11.78333333,0.026040733458105484,0.182,39.0971,46.545,15.2143,122.39986289753733,42.0,295.0,0.51,0.3860720693050682,1676.5730381451626,5982.0,0.0,0.18218534,1,High Risk - Severe Poverty,High
Madagali,Adamawa,10.74611111,13.41583333,0.0036781072540160937,0.182,39.0971,46.545,15.2143,122.39986289753735,55.0,295.0,0.51,0.4961631738627693,2497.1846517232457,17733.0,0.0,0.18249592,1,High Risk - Severe Poverty,High
Maiha,Adamawa,9.99555556,13.21805556,0.0009141346431643087,0.182,39.0971,46.545,15.2143,122.39986289753735,61.0,295.0,0.51,0.4631693881455815,1814.4142295907434,16985.0,0.0,0.18231285,1,High Risk - Severe Poverty,High
Mayo Belwa,Adamawa,9.05,12.05,0.10915908829493133,0.182,39.0971,46.545,15.2143,122.39986289753736,0.0,295.0,0.51,0.5692665362035224,2063.5031012685595,0.0,0.0,0.18186422,1,High Risk - Severe Poverty,High
Michika,Adamawa,10.61666667,13.38333333,0.0005010975291952491,0.182,39.0971,46.545,15.2143,122.39986289753733,94.0,295.0,0.51,0.4778415713590441,1751.0454483324709,23570.0,0.0,0.18245801,1,High Risk - Severe Poverty,High
Mubi North,Adamawa,10.26666667,13.26666667,0.024125938038859103,0.182,39.0971,46.545,15.2143,122.39986289753735,79.0,295.0,0.51,0.47256917890886396,2227.2170591395316,13030.0,0.0,0.18257359,1,High Risk - Severe Poverty,High
Mubi South,Adamawa,10.1874,13.39576,0.028857300343709303,0.182,39.0971,46.545,15.2143,122.39986289753736,70.0,295.0,0.51,0.3728910827740018,1277.2465761204246,7106.0,0.0,0.18151101,1,High Risk - Severe Poverty,High
Numan,Adamawa,9.46694444,12.03277778,0.0069057395228098,0.182,39.0971,46.545,15.2143,122.39986289753736,58.0,295.0,0.51,0.52664917234154,2275.457308241815,25255.0,0.0,0.18219475,1,High Risk - Severe Poverty,High
Shelleng,Adamawa,9.88472222,12.00888889,0.002044739559469487,0.182,39.0971,46.545,15.2143,122.39986289753733,59.0,295.0,0.51,0.46687583398775,1756.9570237339547,10458.0,0.0,0.18248263,1,High Risk - Severe Poverty,High
Song,Adamawa,9.82444444,12.625,0.001246881769491827,0.182,39.0971,46.545,15.2143,122.39986289753735,85.0,295.0,0.51,0.3393077525233403,911.299450004608,2184.0,0.0,0.18229261,1,High Risk - Severe Poverty,High
Toungo,Adamawa,8.11666667,12.05,0.00011126141317040921,0.182,39.0971,46.545,15.2143,122.39986289753736,54.0,295.0,0.51,0.41993727304068706,1746.4700017647324,581.0,0.0,0.1820627,1,High Risk - Severe Poverty,High
Yola North,Adamawa,9.188528,12.393866,2.136447546810939,0.182,39.0971,46.545,15.2143,122.39986289753733,76.0,295.0,0.51,0.35750950296954276,959.6985856378321,10517.0,0.0,0.1817445,1,High Risk - Severe Poverty,High
Yola South,Adamawa,9.249949,12.412618,0.06308698795171966,0.182,39.0971,46.545,15.2143,122.39986289753735,79.0,295.0,0.51,0.4778415713590441,1751.0454483324709,25004.0,0.0,0.18187551,1,High Risk - Severe Poverty,High
Abak,Akwa Ibom,4.98333333,7.78333333,0.007079344777208356,0.0446,9.8074,45.428,3.6118,725.2186325441292,32.0,133.0,1.7806,0.3623591100356984,1356.447928028332,0.0,0.0,0.043997448,1,High Risk - Severe Poverty,High
Eastern Obolo,Akwa Ibom,4.533333,7.7,2.7638643936236553,0.0446,9.8074,45.428,3.6118,725.2186325441292,12.0,133.0,1.7806,0.34882485380356554,1018.6908162809987,0.0,0.0,0.0442306,1,High Risk - Severe Poverty,High
Eket,Akwa Ibom,4.65,7.93333333,0.3405788184852433,0.0446,9.8074,45.428,3.6118,725.2186325441292,52.0,133.0,1.7806,0.3848262046876015,953.8925995296083,0.0,0.0,0.04432768,1,High Risk - Severe Poverty,High
Esit Eket,Akwa Ibom,4.66055556,8.06666667,1.0973965056226036,0.0446,9.8074,45.428,3.6118,725.2186325441292,22.0,133.0,1.7806,0.3592028166225423,1012.8719518074938,0.0,0.0,0.044355184,1,High Risk - Severe Poverty,High
Essien Udim,Akwa Ibom,5.13333333,7.68333333,0.011671569301072219,0.0446,9.8074,45.428,3.6118,725.2186325441292,36.0,133.0,1.7806,0.30975270114471026,1128.1402283537718,0.0,0.0,0.04525164,1,High Risk - Severe Poverty,High
Etim Ekpo,Akwa Ibom,5.01666667,7.61666667,0.0007564532554755777,0.0446,9.8074,45.428,3.6118,725.2186325441292,21.0,133.0,1.7806,0.36491436025361457,1025.3671139047897,0.0,0.0,0.04376663,1,High Risk - Severe Poverty,High
Etinan,Akwa Ibom,4.85,7.83333333,0.007957621389984066,0.0446,9.8074,45.428,3.6118,725.2186325441292,26.0,133.0,1.7806,0.34021241022626325,874.8242558995228,0.0,0.0,0.045589257,1,High Risk - Severe Poverty,High
Ibeno,Akwa Ibom,4.568693,7.976396,5.116144685896616,0.0446,9.8074,45.428,3.6118,725.2186325441292,22.0,133.0,1.7806,0.3592028166225423,1012.8719518074938,0.0,0.0,0.044399135,1,High Risk - Severe Poverty,High
Ibesikpo Asutan,Akwa Ibom,4.76666667,7.95,0.22248232014038982,0.0446,9.8074,45.428,3.6118,725.2186325441292,39.0,133.0,1.7806,0.41643441577637885,1110.5393964716984,0.0,0.0,0.04390624,1,High Risk - Severe Poverty,High
Ibiono Ibom,Akwa Ibom,5.23333333,7.88333333,0.023500138823699234,0.0446,9.8074,45.428,3.6118,725.2186325441292,37.0,133.0,1.7806,0.3783423981084253,1077.8182680944471,0.0,0.0,0.04462635,1,High Risk - Severe Poverty,High
Ika,Akwa Ibom,5.01666667,7.53333333,0.0,0.0446,9.8074,45.428,3.6118,725.2186325441292,23.0,133.0,1.7806,0.3958445917153093,1257.4117527864546,0.0,0.0,0.04757818,1,High Risk - Severe Poverty,High
Ikono,Akwa Ibom,5.210278,7.793889,0.0037379343601468946,0.0446,9.8074,45.428,3.6118,725.2186325441292,30.0,133.0,1.7806,0.3779855007469918,1039.5931671614744,0.0,0.0,0.043799084,1,High Risk - Severe Poverty,High
Ikot Abasi,Akwa Ibom,4.633333,7.65,0.07520938639539522,0.0446,9.8074,45.428,3.6118,725.2186325441292,37.0,133.0,1.7806,0.41752701163472294,818.8344464836644,0.0,0.0,0.043932803,1,High Risk - Severe Poverty,High
Ikot Ekpene,Akwa Ibom,5.18333333,7.71666667,0.13623470447593922,0.0446,9.8074,45.428,3.6118,725.218632544129,45.0,133.0,1.7806,0.3781798886558224,1073.570919773415,0.0,0.0,0.04444862,1,High Risk - Severe Poverty,High
Ini,Akwa Ibom,5.4,7.733333,0.003060309828737144,0.0446,9.8074,45.428,3.6118,725.2186325441292,26.0,133.0,1.7806,0.3687701283816247,937.3000663860015,0.0,0.0,0.044245604,1,High Risk - Severe Poverty,High
Itu,Akwa Ibom,5.16666667,7.98333333,0.14642041656281535,0.0446,9.8074,45.428,3.6118,725.2186325441292,21.0,133.0,1.7806,0.3592028166225423,1012.8719518074938,0.0,0.0,0.044355184,1,High Risk - Severe Poverty,High
Mbo,Akwa Ibom,4.65,8.23333333,0.0777160587736503,0.0446,9.8074,45.428,3.6118,725.218632544129,25.0,133.0,1.7806,0.41630489251921665,1051.6905224185873,0.0,0.0,0.058761094,1,High Risk - Severe Poverty,High
Mkpat Enin,Akwa Ibom,4.73361111,7.74861111,0.012363958809589605,0.0446,9.8074,45.428,3.6118,725.2186325441292,34.0,133.0,1.7806,0.38164493558130086,1066.5632376718572,0.0,0.0,0.04462843,1,High Risk - Severe Poverty,High
Nsit Atai,Akwa Ibom,4.85,8.01666667,0.030477359843177673,0.0446,9.8074,45.428,3.6118,725.2186325441293,14.0,133.0,1.7806,0.3661633747102534,1069.006607153401,0.0,0.0,0.044785574,1,High Risk - Severe Poverty,High
Nsit Ibom,Akwa Ibom,4.88333333,7.9,0.0208413805717077,0.0446,9.8074,45.428,3.6118,725.2186325441292,25.0,133.0,1.7806,0.36942258272394,998.8099870341044,0.0,0.0,0.044536993,1,High Risk - Severe Poverty,High
Nsit Ubium,Akwa Ibom,4.76666667,7.93333333,0.0034749746453343775,0.0446,9.8074,45.428,3.6118,725.2186325441292,31.0,133.0,1.7806,0.385638751950616,975.1293411347696,0.0,0.0,0.04389045,1,High Risk - Severe Poverty,High
Obot Akara,Akwa Ibom,5.26667,7.6,0.0,0.0446,9.8074,45.428,3.6118,725.218632544129,35.0,133.0,1.7806,0.3783423981084253,1077.8182680944471,0.0,0.0,0.043890536,1,High Risk - Severe Poverty,High
Okobo,Akwa Ibom,4.83333333,8.13333333,0.0021188685896402215,0.0446,9.8074,45.428,3.6118,725.218632544129,22.0,133.0,1.7806,0.31767129787463594,1007.6098902529494,0.0,0.0,0.044835724,1,High Risk - Severe Poverty,High
Onna,Akwa Ibom,4.65,7.86666667,0.08633489138201664,0.0446,9.8074,45.428,3.6118,725.2186325441292,33.0,133.0,1.7806,0.38164493558130086,1066.563237671857,0.0,0.0,0.044036143,1,High Risk - Severe Poverty,High
Oron,Akwa Ibom,4.82583333,8.23388889,0.01871727044797606,0.0446,9.8074,45.428,3.6118,725.2186325441292,30.0,133.0,1.7806,0.4329471031407565,1054.264244358747,0.0,0.0,0.044467952,1,High Risk - Severe Poverty,High
Oruk Anam,Akwa Ibom,4.81666667,7.65,0.000770197079624284,0.0446,9.8074,45.428,3.6118,725.2186325441292,32.0,133.0,1.7806,0.38164493558130086,1066.563237671857,0.0,0.0,0.043581776,1,High Risk - Severe Poverty,High
Udung Uko,Akwa Ibom,4.76666667,8.23333333,0.05431703517834346,0.0446,9.8074,45.428,3.6118,725.2186325441293,13.0,133.0,1.7806,0.33846411394034315,886.6024935322331,0.0,0.0,0.044116948,1,High Risk - Severe Poverty,High
Ukanafun,Akwa Ibom,4.9,7.6,0.0,0.0446,9.8074,45.428,3.6118,725.2186325441292,35.0,133.0,1.7806,0.3783423981084253,1077.8182680944471,0.0,0.0,0.043890536,1,High Risk - Severe Poverty,High
Uruan,Akwa Ibom,5.03333333,8.05,0.03465446034136645,0.0446,9.8074,45.428,3.6118,725.2186325441292,24.0,133.0,1.7806,0.32598089077728604,872.8233376799557,0.0,0.0,0.044311915,1,High Risk - Severe Poverty,High
Urue Offong/Oruko,Akwa Ibom,4.71667,8.15,0.00452895529188301,0.0446,9.8074,45.428,3.6118,725.218632544129,0.0,133.0,1.7806,0.34882485380356554,1018.6908162809987,0.0,0.0,0.03225721,1,High Risk - Severe Poverty,High
Uyo,Akwa Ibom,5.03333333,7.91666667,1.2573529975011635,0.0446,9.8074,45.428,3.6118,725.2186325441292,83.0,133.0,1.7806,0.34808327143975,1004.5871296341139,0.0,0.0,0.043939915,1,High Risk - Severe Poverty,High
Aguata,Anambra,6.01666667,7.08333333,0.07528396540397732,0.0089,2.0449,43.3105,0.5472,1235.4936252435054,143.0,200.0,2.0734,0.42814684372176337,2459.181783522494,0.0,0.0,0.00853119,1,High Risk - Severe Poverty,High
Anambra East,Anambra,6.333333,6.866667,0.04795887174001381,0.0089,2.0449,43.3105,0.5472,1235.4936252435057,47.0,200.0,2.0734,0.3770570724130814,1451.6527442581169,0.0,0.0,0.009060572,1,High Risk - Severe Poverty,High
Anambra West,Anambra,6.416667,6.683333,0.012352328862726074,0.0089,2.0449,43.3105,0.5472,1235.4936252435054,33.0,200.0,2.0734,0.44134955382780844,1979.8738956548339,0.0,0.0,0.009474212,1,High Risk - Severe Poverty,High
Anaocha,Anambra,6.15,7.05,0.23463815480030228,0.0089,2.0449,43.3105,0.5472,1235.4936252435057,76.0,200.0,2.0734,0.3311755821705795,958.3321503283616,0.0,0.0,0.010120778,1,High Risk - Severe Poverty,High
Awka North,Anambra,6.233333,7.133333,0.08591824789116559,0.0089,2.0449,43.3105,0.5472,1235.4936252435054,57.0,200.0,2.0734,0.44134955382780844,1979.8738956548339,0.0,0.0,0.008718206,1,High Risk - Severe Poverty,High
Awka South,Anambra,6.16666667,7.06666667,1.0584953641729657,0.0089,2.0449,43.3105,0.5472,1235.4936252435057,131.0,200.0,2.0734,0.2911650221341904,937.5668963606131,0.0,0.0,0.009644799,1,High Risk - Severe Poverty,High
Ayamelum,Anambra,6.6,6.966667,0.0,0.0089,2.0449,43.3105,0.5472,1235.4936252435054,41.0,200.0,2.0734,0.44134955382780844,1979.8738956548339,0.0,0.0,0.00976603,1,High Risk - Severe Poverty,High
Dunukofia,Anambra,6.271944,6.976667,0.2051913371489894,0.0089,2.0449,43.3105,0.5472,1235.4936252435054,66.0,200.0,2.0734,0.4807153009403363,2418.356069680558,0.0,0.0,0.008507512,1,High Risk - Severe Poverty,High
Ekwusigo,Anambra,6.054662,6.82859,0.22318495187343035,0.0089,2.0449,43.3105,0.5472,1235.4936252435057,78.0,200.0,2.0734,0.4413495538278084,1979.8738956548336,0.0,0.0,0.008718206,1,High Risk - Severe Poverty,High
Idemili North,Anambra,6.097069,6.984745,0.6568312043430016,0.0089,2.0449,43.3105,0.5472,1235.4936252435054,174.0,200.0,2.0734,0.4488499777590836,3256.7000008137024,0.0,0.0,0.008750646,1,High Risk - Severe Poverty,High
Idemili South,Anambra,6.100683,6.898364,0.49673816975620055,0.0089,2.0449,43.3105,0.5472,1235.4936252435054,82.0,200.0,2.0734,0.46358498903375917,2171.49916408568,0.0,0.0,0.00844172,1,High Risk - Severe Poverty,High
Ihiala,Anambra,5.85388889,6.86,0.015279769260205292,0.0089,2.0449,43.3105,0.5472,1235.4936252435054,131.0,200.0,2.0734,0.43955845369342283,2816.09452330064,0.0,0.0,0.008970593,1,High Risk - Severe Poverty,High
Njikoka,Anambra,6.183846,6.99191,0.6535202689024945,0.0089,2.0449,43.3105,0.5472,1235.4936252435057,56.0,200.0,2.0734,0.4413495538278084,1979.8738956548336,0.0,0.0,0.008656615,1,High Risk - Severe Poverty,High
Nnewi North,Anambra,5.938767,5.938767,0.7745682786539646,0.0089,2.0449,43.3105,0.5472,1235.4936252435057,155.0,200.0,2.0734,0.4729265165792847,2875.768410725162,0.0,0.0,0.008441499,1,High Risk - Severe Poverty,High
Nnewi South,Anambra,5.938383,6.921821,0.042481159702652975,0.0089,2.0449,43.3105,0.5472,1235.4936252435057,81.0,200.0,2.0734,0.46358498903375917,2171.49916408568,0.0,0.0,0.008479384,1,High Risk - Severe Poverty,High
Ogbaru,Anambra,5.960656,6.731678,2.549398899562105,0.0089,2.0449,43.3105,0.5472,1235.4936252435057,110.0,200.0,2.0734,0.48823424844283553,2409.779086412351,0.0,0.0,0.008580966,1,High Risk - Severe Poverty,High
Onitsha North,Anambra,6.189277,6.805853,1.4305176091139595,0.0089,2.0449,43.3105,0.5472,1235.4936252435054,114.0,200.0,2.0734,0.4181165597333033,1944.2468394547154,0.0,0.0,0.008767888,1,High Risk - Severe Poverty,High
Onitsha South,Anambra,6.135818,6.788542,1.9784790873527527,0.0089,2.0449,43.3105,0.5472,1235.4936252435057,71.0,200.0,2.0734,0.47735032138955646,2471.5669731355197,0.0,0.0,0.008531144,1,High Risk - Severe Poverty,High
Orumba North,Anambra,6.042599,7.213103,0.03888879569458081,0.0089,2.0449,43.3105,0.5472,1235.4936252435054,65.0,200.0,2.0734,0.4413495538278084,1979.8738956548336,0.0,0.0,0.008718206,1,High Risk - Severe Poverty,High
Orumba South,Anambra,5.990942,5.990942,0.007180299919853031,0.0089,2.0449,43.3105,0.5472,1235.4936252435054,76.0,200.0,2.0734,0.5404494922254882,2599.4615408716118,0.0,0.0,0.009263775,1,High Risk - Severe Poverty,High
Oyi,Anambra,5.25,6.21666667,0.4097859816708558,0.0089,2.0449,43.3105,0.5472,1235.4936252435057,73.0,200.0,2.0734,0.4413495538278084,1979.8738956548339,0.0,0.0,0.008680542,1,High Risk - Severe Poverty,High
Alkaleri,Bauchi,9.88333333,10.5,0.0017452437076690148,0.4411,75.3563,58.5358,50.7513,171.67715889059764,81.0,302.0,0.9494,0.43778098027569107,3017.7627923606847,1213.0,0.0,0.4410049,0,Critical - Humanitarian Emergency,Critical
Bauchi,Bauchi,10.31583333,9.84416667,0.10755165084938094,0.4411,75.3563,58.5358,50.7513,171.67715889059767,176.0,302.0,0.8764800000000001,0.4229406571297945,1606.3306321852865,11455.0,0.0,0.43976673,0,Critical - Humanitarian Emergency,Critical
Bogoro,Bauchi,9.66852,9.60395,0.0,0.4411,75.3563,58.5358,50.7513,171.67715889059767,42.0,302.0,0.7315799999999999,0.5148290042287227,2802.26877466768,340.0,0.0,0.4409099,0,Critical - Humanitarian Emergency,Critical
Damban,Bauchi,11.62592,10.78622,0.14207713222645174,0.4411,75.3563,58.5358,50.7513,171.67715889059767,0.0,302.0,1.18594,0.46633442969030225,1658.5262698097838,2995.0,0.0,0.44198915,0,Critical - Humanitarian Emergency,Critical
Darazo,Bauchi,11.0,10.41,0.002131465526380533,0.4411,75.3563,58.5358,50.7513,171.67715889059767,68.0,302.0,1.23148,0.485888500235915,2415.2208559792875,1875.0,0.0,0.44072446,0,Critical - Humanitarian Emergency,Critical
Dass,Bauchi,10.126111,9.484704,0.0033125734478814646,0.4411,75.3563,58.5358,50.7513,171.67715889059767,45.0,302.0,0.9494,0.44366090708179823,1947.0897483155845,1248.0,0.0,0.44081044,0,Critical - Humanitarian Emergency,Critical
Gamawa,Bauchi,12.133333,10.533333,0.001899270903322778,0.4411,75.3563,58.5358,50.7513,171.67715889059767,57.0,302.0,1.2110600000000002,0.44618386088879275,2456.825512472526,2398.0,0.0,0.44104818,0,Critical - Humanitarian Emergency,Critical
Ganjuwa,Bauchi,10.868124,10.165283,0.004220685351529224,0.4411,75.3563,58.5358,50.7513,171.67715889059767,100.0,302.0,0.72848,0.42505732938178575,1781.4265700519281,844.0,0.0,0.42698884,0,Critical - Humanitarian Emergency,Critical
Giade,Bauchi,11.390251,10.199128,0.007743912263655327,0.4411,75.3563,58.5358,50.7513,171.67715889059764,45.0,302.0,0.9494,0.4856308379212373,2443.1149830268323,1484.0,0.0,0.4410619,0,Critical - Humanitarian Emergency,Critical
Itas/Gadau,Bauchi,11.86666667,9.96666667,0.00396892896067688,0.4411,75.3563,58.5358,50.7513,171.67715889059764,62.0,302.0,1.0449000000000002,0.42002243988643,1668.5340021012496,2787.0,0.0,0.4406684,0,Critical - Humanitarian Emergency,Critical
Jama'are,Bauchi,11.669111,9.928958,0.017149793361474215,0.4411,75.3563,58.5358,50.7513,171.67715889059767,0.0,302.0,1.3441,0.47219131396739406,2917.0776488182687,0.0,0.0,0.4416543,0,Critical - Humanitarian Emergency,Critical
Katagum,Bauchi,12.28333333,10.35,0.04552995051688558,0.4411,75.3563,58.5358,50.7513,171.67715889059767,64.0,302.0,1.0630600000000001,0.4049638612134602,1458.4798522176873,5087.0,0.0,0.4380964,0,Critical - Humanitarian Emergency,Critical
Kirfi,Bauchi,10.4,10.4,0.002515076659980886,0.4411,75.3563,58.5358,50.7513,171.67715889059767,50.0,302.0,0.7809800000000001,0.4196317709459268,2420.1840486741607,1076.0,0.0,0.4410491,0,Critical - Humanitarian Emergency,Critical
Misau,Bauchi,11.313599,10.463126,0.013707077207943032,0.4411,75.3563,58.5358,50.7513,171.67715889059764,59.0,302.0,0.9220200000000001,0.3763767051848477,1408.405217631693,2013.0,0.0,0.4403639,0,Critical - Humanitarian Emergency,Critical
Ningi,Bauchi,11.06666667,9.56666667,0.0019520945958493082,0.4411,75.3563,58.5358,50.7513,171.67715889059767,96.0,302.0,1.01752,0.5531830646499041,2456.9600431070594,3537.0,0.0,0.44097286,0,Critical - Humanitarian Emergency,Critical
Shira,Bauchi,11.50416667,10.01722222,0.00536029405064053,0.4411,75.3563,58.5358,50.7513,171.67715889059767,66.0,302.0,0.8287800000000001,0.3908995907538282,1620.6244707755545,1406.0,0.0,0.4404696,0,Critical - Humanitarian Emergency,Critical
Tafawa Balewa,Bauchi,9.759094,9.553127,0.00912429613799043,0.4411,75.3563,58.5358,50.7513,171.67715889059764,0.0,302.0,1.20466,0.47954142843410974,2530.586675290332,0.0,0.0,0.43784073,0,Critical - Humanitarian Emergency,Critical
Toro,Bauchi,10.059364,9.071724,0.006656580532869185,0.4411,75.3563,58.5358,50.7513,171.67715889059767,163.0,302.0,0.8946400000000001,0.46687583398775007,1756.9570237339547,10250.0,0.0,0.44083887,0,Critical - Humanitarian Emergency,Critical
Warji,Bauchi,11.18333333,9.75,0.0,0.4411,75.3563,58.5358,50.7513,171.67715889059767,48.0,302.0,0.58518,0.4187204476398849,2955.958230341767,641.0,0.0,0.44071,0,Critical - Humanitarian Emergency,Critical
Zaki,Bauchi,12.13333333,10.28333333,0.0005603333964717039,0.4411,75.3563,58.5358,50.7513,171.67715889059767,67.0,302.0,0.73544,0.41226259954004246,1762.5044930607692,2668.0,0.0,0.44085598,0,Critical - Humanitarian Emergency,Critical
Brass,Bayelsa,4.315,6.24166667,0.03143618935382098,0.0644,13.9659,46.083,5.9807,291.68812220358217,37.0,272.0,1.42582,0.4725113879237012,2595.5578439152027,0.0,0.0,0.064957395,1,High Risk - Severe Poverty,High
Ekeremor,Bayelsa,5.05,5.78333333,0.4684055764936494,0.0644,13.9659,46.083,5.9807,291.68812220358217,42.0,272.0,1.38496,0.47864166792609464,2309.316326056975,0.0,0.0,0.06464663,1,High Risk - Severe Poverty,High
Kolokuma/Opokuma,Bayelsa,5.13333333,6.3,0.10668631144994378,0.0644,13.9659,46.083,5.9807,291.68812220358217,23.0,272.0,1.42582,0.536567925522034,2753.0335745830134,0.0,0.0,0.06500728,1,High Risk - Severe Poverty,High
Nembe,Bayelsa,4.53690278,6.40621111,1.4250338513486915,0.0644,13.9659,46.083,5.9807,291.68812220358217,29.0,272.0,1.42582,0.4507326094269347,1971.0709638702076,0.0,0.0,0.06468753,1,High Risk - Severe Poverty,High
Ogbia,Bayelsa,4.78333333,6.33333333,0.08780121021754259,0.0644,13.9659,46.083,5.9807,291.68812220358217,40.0,272.0,1.42582,0.5581499732370886,2637.228457152619,0.0,0.0,0.06440279,1,High Risk - Severe Poverty,High
Sagbama,Bayelsa,5.16666667,6.2,0.012995541971753772,0.0644,13.9659,46.083,5.9807,291.68812220358217,54.0,272.0,1.3441,0.4811887115437566,2311.6806724195303,0.0,0.0,0.06608303,1,High Risk - Severe Poverty,High
Southern Ijaw,Bayelsa,4.7,5.966667,0.2735048710359993,0.0644,13.9659,46.083,5.9807,291.68812220358217,70.0,272.0,1.38496,0.508172192092716,2805.38671618051,0.0,0.0,0.06432378,1,High Risk - Severe Poverty,High
Yenagoa,Bayelsa,5.03333333,6.33333333,0.7527538984153562,0.0644,13.9659,46.083,5.9807,291.68812220358217,124.0,272.0,1.38496,0.3570270328100003,1096.8361147507528,0.0,0.0,0.06782466,1,High Risk - Severe Poverty,High
Ado,Benue,7.8,7.65,0.00010075917440028553,0.1156,27.0206,42.7942,7.6549,208.3387840783792,51.0,344.0,0.6469,0.5059205788947183,2366.2535420477166,12331.0,0.0,0.11661784,1,High Risk - Severe Poverty,High
Agatu,Benue,7.9,7.9,0.0,0.1156,27.0206,42.7942,7.6549,208.3387840783792,71.0,344.0,0.6469,0.4368028941374911,1887.9719305572926,46135.0,0.0,0.11561292,1,High Risk - Severe Poverty,High
Apa,Benue,7.829754,8.069994,0.0003739113876309353,0.1156,27.0206,42.7942,7.6549,208.3387840783792,74.0,344.0,0.6469,0.5292545631624054,2832.7379751261396,2556.0,0.0,0.11472983,1,High Risk - Severe Poverty,High
Buruku,Benue,7.416792,9.224674,0.0016933215290178985,0.1156,27.0206,42.7942,7.6549,208.3387840783792,125.0,344.0,0.6469,0.4721035341614142,2067.7411772330815,20077.0,0.0,0.11575838,1,High Risk - Severe Poverty,High
Gboko,Benue,7.327778,8.995,0.07251799457611625,0.1156,27.0206,42.7942,7.6549,208.33878407837923,153.0,344.0,0.6469,0.4399024832229436,2757.24864445666,279.0,0.0,0.1161602,1,High Risk - Severe Poverty,High
Guma,Benue,7.823295,8.863239,0.002120634843691141,0.1156,27.0206,42.7942,7.6549,208.33878407837923,98.0,344.0,0.6469,0.45703256783645063,1734.9771520585084,105154.0,0.0,0.11570926,1,High Risk - Severe Poverty,High
Gwer East,Benue,7.298066,8.482303,0.0035730778125987166,0.1156,27.0206,42.7942,7.6549,208.33878407837923,111.0,344.0,0.6469,0.35010203876071516,2934.096030459226,7799.0,0.0,0.11529322,1,High Risk - Severe Poverty,High
Gwer West,Benue,7.584645,8.205478,0.0,0.1156,27.0206,42.7942,7.6549,208.33878407837923,60.0,344.0,0.6469,0.4368028941374911,1887.9719305572926,63083.0,0.0,0.116216525,1,High Risk - Severe Poverty,High
Katsina Ala,Benue,7.16666667,9.28333333,0.002031961306517856,0.1156,27.0206,42.7942,7.6549,208.33878407837923,0.0,344.0,0.6469,0.5033305331546607,2549.453832405232,0.0,0.0,0.118247405,1,High Risk - Severe Poverty,High
Konshisha,Benue,7.071123,8.663878,0.0,0.1156,27.0206,42.7942,7.6549,208.3387840783792,126.0,344.0,0.6469,0.3308799897342843,782.111253506877,7292.0,0.0,0.11586546,1,High Risk - Severe Poverty,High
Kwande,Benue,6.890043,9.233408,0.000937132995366018,0.1156,27.0206,42.7942,7.6549,208.33878407837923,136.0,344.0,0.6469,0.48672984509661943,2898.4926420744882,13103.0,0.0,0.11551394,1,High Risk - Severe Poverty,High
Logo,Benue,7.507748,9.350653,0.001359788171777671,0.1156,27.0206,42.7942,7.6549,208.33878407837923,67.0,344.0,0.6469,0.47280217473328034,1982.4268863092389,32530.0,0.0,0.11645884,1,High Risk - Severe Poverty,High
Makurdi,Benue,7.730556,8.536111,0.41737754132139354,0.1156,27.0206,42.7942,7.6549,208.33878407837923,146.0,344.0,0.6469,0.5014791100731228,2633.014120898007,32048.0,0.0,0.1164103,1,High Risk - Severe Poverty,High
Obi,Benue,7.0,8.25,0.0,0.1156,27.0206,42.7942,7.6549,208.33878407837923,122.0,344.0,0.6469,0.4453620380919531,1629.8481845407618,4217.0,0.0,0.115688,1,High Risk - Severe Poverty,High
Ogbadibo,Benue,7.13907,7.668285,0.0047747098118904605,0.1156,27.0206,42.7942,7.6549,208.3387840783792,78.0,344.0,0.6469,0.5139080514002863,2690.9845088084026,0.0,0.0,0.1151982,1,High Risk - Severe Poverty,High
Ohimini,Benue,7.23015,7.927993,0.0014468557302623338,0.1156,27.0206,42.7942,7.6549,208.3387840783792,54.0,344.0,0.6469,0.4501821694997468,2010.1099360004093,172.0,0.0,0.11626654,1,High Risk - Severe Poverty,High
Oju,Benue,6.85,8.41666667,0.0,0.1156,27.0206,42.7942,7.6549,208.3387840783792,123.0,344.0,0.6469,0.46205964491478146,2779.4722270708958,6456.0,0.0,0.11510258,1,High Risk - Severe Poverty,High
Okpokwu,Benue,7.06277778,8.21,0.0017298765601941914,0.1156,27.0206,42.7942,7.6549,208.33878407837923,89.0,344.0,0.6469,0.4460374762722843,1853.3050187667163,1265.0,0.0,0.1154545,1,High Risk - Severe Poverty,High
Otukpo,Benue,7.19305556,8.14638889,0.4992708533619816,0.1156,27.0206,42.7942,7.6549,208.3387840783792,120.0,344.0,0.6469,0.3594489435873224,2417.1810554893154,0.0,0.0,0.11631288,1,High Risk - Severe Poverty,High
Tarka,Benue,7.620833,8.881944,0.02167381752407601,0.1156,27.0206,42.7942,7.6549,208.33878407837923,66.0,344.0,0.6469,0.4453620380919531,1629.8481845407618,4100.0,0.0,0.11791725,1,High Risk - Severe Poverty,High
Ukum,Benue,7.530801,9.649268,0.002022286116179387,0.1156,27.0206,42.7942,7.6549,208.33878407837923,113.0,344.0,0.6469,0.5407694533320246,2026.2538274480687,31607.0,0.0,0.115595564,1,High Risk - Severe Poverty,High
Ushongo,Benue,7.135788,9.032921,0.0007347888295934716,0.1156,27.0206,42.7942,7.6549,208.33878407837923,133.0,344.0,0.6469,0.4174816750136814,1808.522930998051,1315.0,0.0,0.11532291,1,High Risk - Severe Poverty,High
Vandeikya,Benue,6.782346,9.069257,0.0003710690953514793,0.1156,27.0206,42.7942,7.6549,208.33878407837923,92.0,344.0,0.6469,0.4522189725896025,1654.8130353626843,2191.0,0.0,0.115571134,1,High Risk - Severe Poverty,High
Abadam,Borno,13.610953,13.277664,6.0625483147815514e-05,0.2922,53.8861,54.2321,31.1462,84.32894403693906,12.0,0.0,0.5213,0.4819770702702447,1563.7631322676348,3025.0,0.0,0.2922904,0,Critical - Humanitarian Emergency,Critical
Askira/Uba,Borno,10.654724,12.907777,0.022952877211086953,0.2922,53.8861,54.2321,31.1462,84.32894403693908,55.0,0.0,0.5213,0.3755913704222219,1718.3961573379315,10997.0,0.0,0.2919366,0,Critical - Humanitarian Emergency,Critical
Bama,Borno,11.51888889,13.68416667,0.0024740264197683952,0.2922,53.8861,54.2321,31.1462,84.32894403693908,40.0,0.0,0.5213,0.45703256783645063,1734.9771520585084,133365.0,0.0,0.29212084,0,Critical - Humanitarian Emergency,Critical
Bayo,Borno,10.441838,11.704237,0.007260565217370613,0.2922,53.8861,54.2321,31.1462,84.32894403693909,36.0,0.0,0.5213,0.5343599680829495,1855.987625588057,876.0,0.0,0.29222912,0,Critical - Humanitarian Emergency,Critical
Biu,Borno,10.6111,12.195,0.023268617506374826,0.2922,53.8861,54.2321,31.1462,84.32894403693908,40.0,0.0,0.5213,0.4368028941374911,1887.9719305572926,42439.0,0.0,0.2921857,0,Critical - Humanitarian Emergency,Critical
Chibok,Borno,10.86972222,12.84666667,0.002816578879258305,0.2922,53.8861,54.2321,31.1462,84.32894403693906,34.0,0.0,0.5213,0.5376116681054778,1859.974467093254,15345.0,0.0,0.29222912,0,Critical - Humanitarian Emergency,Critical
Damboa,Borno,11.15,12.75,0.0007748268493694921,0.2922,53.8861,54.2321,31.1462,84.32894403693908,29.0,0.0,0.5213,0.45703256783645063,1734.9771520585084,107262.0,0.0,0.29212084,0,Critical - Humanitarian Emergency,Critical
Dikwa,Borno,12.0239,13.9158,0.0024344845543823484,0.2922,53.8861,54.2321,31.1462,84.32894403693908,21.0,0.0,0.5213,0.5073271697150371,1841.6856135503772,96290.0,0.0,0.28742406,0,Critical - Humanitarian Emergency,Critical
Gubio,Borno,12.4975,12.78,0.0006284416041203907,0.2922,53.8861,54.2321,31.1462,84.32894403693906,8.0,0.0,0.5213,0.410311726729344,1713.755363893287,40419.0,0.0,0.29241922,0,Critical - Humanitarian Emergency,Critical
Guzamala,Borno,12.94656,13.176822,0.0,0.2922,53.8861,54.2321,31.1462,84.32894403693908,13.0,0.0,0.5213,0.46815665853446037,1647.0370035851302,5051.0,0.0,0.29242992,0,Critical - Humanitarian Emergency,Critical
Gwoza,Borno,11.086111,13.691389,0.00395117400884461,0.2922,53.8861,54.2321,31.1462,84.32894403693909,43.0,0.0,0.5213,0.5044544454602357,1944.5768433727449,155199.0,0.0,0.29218692,0,Critical - Humanitarian Emergency,Critical
Hawul,Borno,10.451308,12.116581,0.007142377426550666,0.2922,53.8861,54.2321,31.1462,84.32894403693908,41.0,0.0,0.5213,0.5281932176965681,1670.7591269333614,21746.0,0.0,0.29215038,0,Critical - Humanitarian Emergency,Critical
Jere,Borno,11.89912,13.29155,0.12264003196254927,0.2922,53.8861,54.2321,31.1462,84.32894403693908,57.0,0.0,0.5213,0.5044544454602357,1944.5768433727449,304094.0,0.0,0.292462,0,Critical - Humanitarian Emergency,Critical
Kaga,Borno,11.810333,12.494153,0.0011327542265175084,0.2922,53.8861,54.2321,31.1462,84.32894403693908,18.0,0.0,0.5213,0.45594958305529765,1947.8272789970547,21658.0,0.0,0.29223278,0,Critical - Humanitarian Emergency,Critical
Kala/Balge,Borno,12.268627,14.464896,0.005231532377593188,0.2922,53.8861,54.2321,31.1462,84.32894403693908,17.0,0.0,0.5213,0.410311726729344,1713.755363893287,39536.0,0.0,0.2924978,0,Critical - Humanitarian Emergency,Critical
Konduga,Borno,11.65166667,13.41944444,0.00771566984303133,0.2922,53.8861,54.2321,31.1462,84.32894403693908,36.0,0.0,0.5213,0.5290611800619248,1913.3629183266942,115503.0,0.0,0.2922235,0,Critical - Humanitarian Emergency,Critical
Kukawa,Borno,12.91666667,13.56666667,0.0006182227450779308,0.2922,53.8861,54.2321,31.1462,84.32894403693908,14.0,0.0,0.5213,0.39909791809902445,1709.1833616193912,7825.0,0.0,0.29286495,0,Critical - Humanitarian Emergency,Critical
Kwaya Kusar,Borno,11.817338,13.120352,0.020455233654279033,0.2922,53.8861,54.2321,31.1462,84.32894403693908,34.0,0.0,0.5213,0.4581425624700188,1837.1813121200366,5049.0,0.0,0.29220787,0,Critical - Humanitarian Emergency,Critical
Mafa,Borno,11.92583333,13.60555556,0.004570449963309722,0.2922,53.8861,54.2321,31.1462,84.32894403693908,31.0,0.0,0.5213,0.4368028941374911,1887.9719305572926,46076.0,0.0,0.2917361,0,Critical - Humanitarian Emergency,Critical
Magumeri,Borno,12.115657,12.83101,0.0007458215151911398,0.2922,53.8861,54.2321,31.1462,84.32894403693908,17.0,0.0,0.5213,0.4513063204407833,1980.09815273324,37499.0,0.0,0.29213408,0,Critical - Humanitarian Emergency,Critical
Maiduguri,Borno,11.83333333,13.15,1.9093476691816607,0.2922,53.8861,54.2321,31.1462,84.32894403693908,72.0,0.0,0.5213,0.5044544454602357,1944.5768433727449,239153.0,0.0,0.29113415,0,Critical - Humanitarian Emergency,Critical
Marte,Borno,12.364596,13.826741,0.00030255064436406526,0.2922,53.8861,54.2321,31.1462,84.32894403693908,17.0,0.0,0.5213,0.49732738188667397,1736.543558110227,5610.0,0.0,0.2921023,0,Critical - Humanitarian Emergency,Critical
Mobbar,Borno,13.103993,12.511041,0.0008986941529346447,0.2922,53.8861,54.2321,31.1462,84.32894403693909,9.0,0.0,0.5213,0.4368028941374911,1887.9719305572926,42694.0,0.0,0.29216588,0,Critical - Humanitarian Emergency,Critical
Monguno,Borno,12.68333333,13.6,0.00398835171338653,0.2922,53.8861,54.2321,31.1462,84.32894403693908,37.0,0.0,0.5213,0.5583149025637668,2119.3436767083217,161520.0,0.0,0.29208657,0,Critical - Humanitarian Emergency,Critical
Ngala,Borno,12.371107,14.206223,0.004733981515671749,0.2922,53.8861,54.2321,31.1462,84.32894403693908,17.0,0.0,0.5213,0.45703256783645063,1734.9771520585084,107574.0,0.0,0.2920155,0,Critical - Humanitarian Emergency,Critical
Nganzai,Borno,12.486253,13.209321,0.0018638079977785613,0.2922,53.8861,54.2321,31.1462,84.32894403693906,11.0,0.0,0.5213,0.4762626545196662,1868.3938555450898,56129.0,0.0,0.29224354,0,Critical - Humanitarian Emergency,Critical
Shani,Borno,10.183889,11.963889,0.008038393170895617,0.2922,53.8861,54.2321,31.1462,84.32894403693906,44.0,0.0,0.5213,0.5080132475017133,1697.2580090477913,3296.0,0.0,0.29205194,0,Critical - Humanitarian Emergency,Critical
Abi,Cross River,6.833333,7.233333,0.0,0.0775,19.086,40.6066,3.9392,210.0085867101136,62.0,290.0,1.3441,0.4063908869547762,1947.2252449415068,0.0,0.0,0.07872,1,High Risk - Severe Poverty,High
Akamkpa,Cross River,5.326828,8.346262,0.009841686232564904,0.0775,19.086,40.6066,3.9392,210.00858671011363,44.0,290.0,1.3441,0.38585870392013566,1605.0328030731712,0.0,0.0,0.078293934,1,High Risk - Severe Poverty,High
Akpabuyo,Cross River,4.950439,8.393276,0.012028331148858163,0.0775,19.086,40.6066,3.9392,210.00858671011363,67.0,290.0,1.3441,0.34118471120239496,1716.177919525865,0.0,0.0,0.07826683,1,High Risk - Severe Poverty,High
Bakassi,Cross River,4.58333333,8.6,0.0,0.0775,19.086,40.6066,3.9392,210.0085867101136,38.0,290.0,1.3441,0.38585870392013566,1605.0328030731712,0.0,0.0,0.07788559,1,High Risk - Severe Poverty,High
Bekwarra,Cross River,6.69388889,8.9675,0.0,0.0775,19.086,40.6066,3.9392,210.0085867101136,82.0,290.0,1.3441,0.23099828071667702,1755.0274581719934,0.0,0.0,0.07840511,1,High Risk - Severe Poverty,High
Biase,Cross River,5.557438,8.110474,4.0515744150241015e-05,0.0775,19.086,40.6066,3.9392,210.0085867101136,69.0,290.0,1.3441,0.38585870392013566,1605.0328030731712,0.0,0.0,0.07770654,1,High Risk - Severe Poverty,High
Boki,Cross River,6.273889,9.01,0.0,0.0775,19.086,40.6066,3.9392,210.00858671011363,132.0,290.0,1.3441,0.5772458646780585,2072.653039743279,0.0,0.0,0.07439902,1,High Risk - Severe Poverty,High
Calabar Municipal,Cross River,4.974531,8.34241,2.4906088168091243,0.0775,19.086,40.6066,3.9392,210.0085867101136,113.0,290.0,1.3441,0.4720258757872693,1882.8504223417162,0.0,0.0,0.0754757,1,High Risk - Severe Poverty,High
Calabar South,Cross River,4.918822,8.320945,0.3141288127217974,0.0775,19.086,40.6066,3.9392,210.00858671011363,81.0,290.0,1.3441,0.5403047993839615,2110.662188887745,0.0,0.0,0.075861245,1,High Risk - Severe Poverty,High
Etung,Cross River,5.858889,8.791667,0.0,0.0775,19.086,40.6066,3.9392,210.00858671011363,50.0,290.0,1.3441,0.38585870392013566,1605.0328030731712,0.0,0.0,0.07788559,1,High Risk - Severe Poverty,High
Ikom,Cross River,6.08333333,8.61666667,0.004097417501918495,0.0775,19.086,40.6066,3.9392,210.0085867101136,117.0,290.0,1.3441,0.5148517157756985,2568.232382687737,0.0,0.0,0.07594496,1,High Risk - Severe Poverty,High
Obanliku,Cross River,6.609277,9.250274,0.000269424636173511,0.0775,19.086,40.6066,3.9392,210.0085867101136,93.0,290.0,1.3441,0.412830006569489,1697.1579532357132,0.0,0.0,0.078453206,1,High Risk - Severe Poverty,High
Obubra,Cross River,6.083333,8.333333,0.0,0.0775,19.086,40.6066,3.9392,210.0085867101136,101.0,290.0,1.3441,0.4967287183819508,907.6770422178276,0.0,0.0,0.07590358,1,High Risk - Severe Poverty,High
Obudu,Cross River,6.66666667,9.16666667,0.004877692515758203,0.0775,19.086,40.6066,3.9392,210.0085867101136,102.0,290.0,1.3441,0.44260880410952186,1907.2737683064438,187.0,0.0,0.42774117,1,High Risk - Severe Poverty,High
Odukpani,Cross River,5.079809,8.350403,0.015576260321670109,0.0775,19.086,40.6066,3.9392,210.00858671011358,81.0,290.0,1.3441,0.2812665185891572,1144.1906942132641,0.0,0.0,0.07773176,1,High Risk - Severe Poverty,High
Ogoja,Cross River,6.5,8.66666667,0.004849325526379016,0.0775,19.086,40.6066,3.9392,210.0085867101136,96.0,290.0,1.3441,0.412830006569489,1697.1579532357132,0.0,0.0,0.0780884,1,High Risk - Severe Poverty,High
Yakurr,Cross River,5.806111,8.175,0.00011358534848248517,0.0775,19.086,40.6066,3.9392,210.00858671011358,66.0,290.0,1.3441,0.36014660347038846,1106.9079677974746,0.0,0.0,0.078115776,1,High Risk - Severe Poverty,High
Yala,Cross River,6.7,8.6,0.0005861840940810538,0.0775,19.086,40.6066,3.9392,210.00858671011363,130.0,290.0,1.3441,0.42021821962830846,1689.5561234068202,0.0,0.0,0.078265965,1,High Risk - Severe Poverty,High
Aniocha North,Delta,6.319994,6.476847,0.03229333796808796,0.0507,11.7821,43.0696,3.0882,331.5745802658237,32.0,270.0,1.5484,0.2775774847713282,659.1472942011042,0.0,0.0,0.052742936,1,High Risk - Severe Poverty,High
Aniocha South,Delta,6.183072,6.524367,0.0562129891400444,0.0507,11.7821,43.0696,3.0882,331.5745802658238,37.0,270.0,1.5484,0.3440836597155566,857.002268260206,0.0,0.0,0.05104827,1,High Risk - Severe Poverty,High
Bomadi,Delta,5.161805,5.924511,0.006837371672902788,0.0507,11.7821,43.0696,3.0882,331.5745802658237,22.0,270.0,1.5484,0.3109360718660327,895.9808840581846,0.0,0.0,0.051062938,1,High Risk - Severe Poverty,High
Burutu,Delta,5.35,5.516667,0.07660932297056372,0.0507,11.7821,43.0696,3.0882,331.5745802658237,34.0,270.0,1.5484,0.3329865006729062,874.4388460397062,0.0,0.0,0.05104827,1,High Risk - Severe Poverty,High
Ethiope East,Delta,5.63314,6.028192,0.15679651790895266,0.0507,11.7821,43.0696,3.0882,331.5745802658238,35.0,270.0,1.5484,0.3992902152869952,1221.289864365704,0.0,0.0,0.05094119,1,High Risk - Severe Poverty,High
Ethiope West,Delta,5.63314,6.028192,0.28446067194932134,0.0507,11.7821,43.0696,3.0882,331.5745802658237,43.0,270.0,1.5484,0.31098217422268715,685.7230379574108,0.0,0.0,0.0509653,1,High Risk - Severe Poverty,High
Ika North East,Delta,6.186379,6.200409,0.11671364890619267,0.0507,11.7821,43.0696,3.0882,331.5745802658237,45.0,270.0,1.5484,0.2748561261311513,559.7996279929823,0.0,0.0,0.05060529,1,High Risk - Severe Poverty,High
Ika South,Delta,6.252758,6.199664,0.15054350642867348,0.0507,11.7821,43.0696,3.0882,331.5745802658238,48.0,270.0,1.5484,0.31098217422268715,685.7230379574107,0.0,0.0,0.0509653,1,High Risk - Severe Poverty,High
Isoko North,Delta,5.538333,6.216111,1.2062218437432133,0.0507,11.7821,43.0696,3.0882,331.5745802658238,35.0,270.0,1.5484,0.3716154172517468,962.1026854075612,0.0,0.0,0.05100948,1,High Risk - Severe Poverty,High
Isoko South,Delta,5.538333,6.216111,0.9074575853748963,0.0507,11.7821,43.0696,3.0882,331.5745802658237,35.0,270.0,1.5484,0.3329865006729062,874.4388460397064,0.0,0.0,0.051010605,1,High Risk - Severe Poverty,High
Ndokwa East,Delta,5.669319,6.523171,1.1167992695033202,0.0507,11.7821,43.0696,3.0882,331.5745802658237,40.0,270.0,1.5484,0.3034102708548796,810.6241497593601,0.0,0.0,0.050992385,1,High Risk - Severe Poverty,High
Ndokwa West,Delta,5.815022,6.350772,1.8080635041964934,0.0507,11.7821,43.0696,3.0882,331.5745802658237,38.0,270.0,1.5484,0.3440836597155566,857.002268260206,0.0,0.0,0.051010605,1,High Risk - Severe Poverty,High
Okpe,Delta,5.43333333,5.95,0.1437589673378207,0.0507,11.7821,43.0696,3.0882,331.5745802658238,30.0,270.0,1.5484,0.3130391151995812,719.030236464802,0.0,0.0,0.05121467,1,High Risk - Severe Poverty,High
Oshimili North,Delta,6.382652,6.624309,0.49356249480565134,0.0507,11.7821,43.0696,3.0882,331.5745802658237,28.0,270.0,1.5484,0.3348475064752412,929.1905972650395,0.0,0.0,0.05094021,1,High Risk - Severe Poverty,High
Oshimili South,Delta,6.118256,6.66583,0.3987318876719733,0.0507,11.7821,43.0696,3.0882,331.5745802658237,49.0,270.0,1.5484,0.33054207894324344,767.1967702663062,0.0,0.0,0.050945856,1,High Risk - Severe Poverty,High
Patani,Delta,5.2412505830419045,6.190626760617503,0.0020138891191003425,0.0507,11.7821,43.0696,3.0882,331.5745802658237,18.0,270.0,1.5484,0.3202529383696022,852.9123504107495,0.0,0.0,0.0480285,1,High Risk - Severe Poverty,High
Sapele,Delta,5.9,5.66666667,2.3910745619099782,0.0507,11.7821,43.0696,3.0882,331.5745802658237,40.0,270.0,1.5484,0.32829553432922814,535.6196033148757,0.0,0.0,0.05098893,1,High Risk - Severe Poverty,High
Udu,Delta,5.75,5.716667,4.344545501055114,0.0507,11.7821,43.0696,3.0882,331.5745802658237,55.0,270.0,1.5484,0.31098217422268715,685.7230379574107,0.0,0.0,0.05095779,1,High Risk - Severe Poverty,High
Ughelli North,Delta,9.75,8.71666667,1.3734204609163936,0.0507,11.7821,43.0696,3.0882,331.5745802658238,73.0,270.0,1.50754,0.28853816755857825,933.4673601628767,0.0,0.0,0.050941505,1,High Risk - Severe Poverty,High
Ughelli South,Delta,9.75,8.71666667,0.8755832277403938,0.0507,11.7821,43.0696,3.0882,331.5745802658237,55.0,270.0,1.5484,0.31098217422268715,685.7230379574107,0.0,0.0,0.050927635,1,High Risk - Severe Poverty,High
Ukwuani,Delta,5.850198,6.246481,0.37584675057394507,0.0507,11.7821,43.0696,3.0882,331.5745802658237,41.0,270.0,1.5484,0.3178068608549331,755.3750384535292,0.0,0.0,0.050927635,1,High Risk - Severe Poverty,High
Uvwie,Delta,5.87,6.001,1.5465850573753623,0.0507,11.7821,43.0696,3.0882,331.5745802658237,92.0,270.0,1.5484,0.4712755970578025,2023.5360767681202,0.0,0.0,0.052016877,1,High Risk - Severe Poverty,High
Warri North,Delta,6.000089,5.466481,2.5413098582524865,0.0507,11.7821,43.0696,3.0882,331.5745802658237,28.0,270.0,1.5484,0.37339464525226856,1150.5047072354025,0.0,0.0,0.05081819,1,High Risk - Severe Poverty,High
Warri South,Delta,5.519063,5.800606,0.39060500299024303,0.0507,11.7821,43.0696,3.0882,331.5745802658237,93.0,270.0,1.5484,0.4712755970578025,2023.5360767681202,0.0,0.0,0.051623974,1,High Risk - Severe Poverty,High
Warri South West,Delta,5.599713,5.454881,0.3071712562820512,0.0507,11.7821,43.0696,3.0882,331.5745802658237,14.0,270.0,1.5484,0.32631737475880035,839.8986300942533,0.0,0.0,0.054132085,1,High Risk - Severe Poverty,High
Abakaliki,Ebonyi,6.33333333,8.1,0.14103519927680688,0.0341,8.0227,42.4481,1.0561,500.0925951321875,137.0,494.0,2.4565,0.40352693554272445,2099.501079481447,0.0,0.0,0.035894874,1,High Risk - Severe Poverty,High
Afikpo North,Ebonyi,5.887936,7.953071,0.00998556548502387,0.0341,8.0227,42.4481,1.0561,500.09259513218745,74.0,494.0,2.4565,0.3504533571493404,1169.224733316492,0.0,0.0,0.034089714,1,High Risk - Severe Poverty,High
Afikpo South,Ebonyi,5.96666667,7.86666667,0.004657496275202341,0.0341,8.0227,42.4481,1.0561,500.0925951321875,54.0,494.0,2.4565,0.3765959602591892,1956.7314296798227,0.0,0.0,0.034225836,1,High Risk - Severe Poverty,High
Ebonyi,Ebonyi,6.25,8.08333333,0.09819042028038037,0.0341,8.0227,42.4481,1.0561,500.0925951321874,113.0,494.0,2.4565,0.4274481639919456,1291.956732997694,0.0,0.0,0.03334188,1,High Risk - Severe Poverty,High
Ezza North,Ebonyi,6.081572,7.995858,0.023087211438522486,0.0341,8.0227,42.4481,1.0561,500.09259513218745,78.0,494.0,2.4565,0.3765959602591892,1956.7314296798227,0.0,0.0,0.03433258,1,High Risk - Severe Poverty,High
Ezza South,Ebonyi,6.177757,8.040377,0.005464986474425704,0.0341,8.0227,42.4481,1.0561,500.09259513218745,101.0,494.0,2.4565,0.34700935911704495,937.6715208359992,0.0,0.0,0.034259293,1,High Risk - Severe Poverty,High
Ishielu,Ebonyi,6.428567,7.818371,0.0042800175125706835,0.0341,8.0227,42.4481,1.0561,500.09259513218745,79.0,494.0,2.4565,0.3765959602591892,1956.7314296798227,0.0,0.0,0.03359788,1,High Risk - Severe Poverty,High
Ivo,Ebonyi,5.919317,7.55976,0.01133742236127757,0.0341,8.0227,42.4481,1.0561,500.09259513218745,58.0,494.0,2.4565,0.29279328757426903,578.1084839895738,0.0,0.0,0.034085985,1,High Risk - Severe Poverty,High
Izzi,Ebonyi,6.385765,8.02549,0.00024994022198139673,0.0341,8.0227,42.4481,1.0561,500.0925951321874,116.0,494.0,2.4565,0.40352693554272445,2099.501079481447,0.0,0.0,0.03391253,1,High Risk - Severe Poverty,High
Ohaozara,Ebonyi,6.030218,7.71407,0.05247442469800718,0.0341,8.0227,42.4481,1.0561,500.0925951321874,74.0,494.0,2.4565,0.341004936918729,3919.851883141639,0.0,0.0,0.0509438,1,High Risk - Severe Poverty,High
Ohaukwu,Ebonyi,6.030218,7.71407,0.004499514269134633,0.0341,8.0227,42.4481,1.0561,500.0925951321875,126.0,494.0,2.4565,0.40352693554272445,2099.501079481447,0.0,0.0,0.034616116,1,High Risk - Severe Poverty,High
Onicha,Ebonyi,6.11252,7.825484,0.0,0.0341,8.0227,42.4481,1.0561,500.09259513218745,99.0,494.0,2.4565,0.5517188605365624,3178.8005271154097,0.0,0.0,0.03574675,1,High Risk - Severe Poverty,High
Ikwo,Ebonyi,12.473,7.487,0.005967847657103076,0.0341,8.0227,42.4481,1.0561,500.09259513218745,130.0,494.0,2.4565,0.40352693554272445,2099.501079481447,0.0,0.0,0.035556264,1,High Risk - Severe Poverty,High
Akoko Edo,Edo,7.275622,6.107379,0.04738354478180294,0.0358,8.316,43.0149,1.695,248.48405975596245,0.0,198.0,1.5484,0.5143281725932691,2700.005613323123,0.0,0.0,0.03567264,1,High Risk - Severe Poverty,High
Egor,Edo,6.382926,5.569175,1.0296422311753937,0.0358,8.316,43.0149,1.695,248.48405975596245,87.0,198.0,1.5484,0.4863637334643519,2304.766341183406,0.0,0.0,0.035992827,1,High Risk - Severe Poverty,High
Esan Central,Edo,6.738727,6.218905,0.044693880792086325,0.0358,8.316,43.0149,1.695,248.48405975596245,38.0,198.0,1.5484,0.37876124611586476,2900.091605473757,0.0,0.0,0.036384627,1,High Risk - Severe Poverty,High
Esan North East,Edo,6.7,6.333333,0.17222594360400384,0.0358,8.316,43.0149,1.695,248.48405975596242,0.0,198.0,1.5484,0.5314709082189464,2432.308705284784,0.0,0.0,0.035709236,1,High Risk - Severe Poverty,High
Esan South East,Edo,6.659722,6.382222,0.05490794683426524,0.0358,8.316,43.0149,1.695,248.48405975596242,0.0,198.0,1.5484,0.5943182917662688,2868.1684981620315,0.0,0.0,0.034862924,1,High Risk - Severe Poverty,High
Esan West,Edo,6.753472,6.073766,0.07006090063450933,0.0358,8.316,43.0149,1.695,248.48405975596245,61.0,198.0,1.5484,0.4863637334643519,2304.766341183406,0.0,0.0,0.036030494,1,High Risk - Severe Poverty,High
Etsako Central,Edo,7.08965,6.50146,0.01618226752258264,0.0358,8.316,43.0149,1.695,248.48405975596242,37.0,198.0,1.5484,0.47978842931342525,2629.5917182803305,0.0,0.0,0.03669211,1,High Risk - Severe Poverty,High
Etsako East,Edo,7.106769,6.687541,0.08992846947992784,0.0358,8.316,43.0149,1.695,248.48405975596245,50.0,198.0,1.5484,0.4863637334643519,2304.766341183406,0.0,0.0,0.036030494,1,High Risk - Severe Poverty,High
Etsako West,Edo,6.913601,6.29955,0.13601352885064666,0.0358,8.316,43.0149,1.695,248.48405975596242,71.0,198.0,1.5484,0.4730340331945854,3246.230349029259,0.0,0.0,0.036212955,1,High Risk - Severe Poverty,High
Igueben,Edo,6.6,6.58333333,0.16656084100513374,0.0358,8.316,43.0149,1.695,248.48405975596245,32.0,198.0,1.5484,0.5106205851786886,2229.1539710099605,0.0,0.0,0.036332566,1,High Risk - Severe Poverty,High
Ikpoba Okha,Edo,6.256981,5.722929,0.04738354478180294,0.0358,8.316,43.0149,1.695,248.48405975596245,0.0,198.0,1.5484,0.5483995319608267,2724.390347688213,0.0,0.0,0.03505698,1,High Risk - Severe Poverty,High
Oredo,Edo,6.183772,5.596106,1.0521126431234353,0.0358,8.316,43.0149,1.695,248.48405975596242,122.0,198.0,1.5484,0.35126655196095885,1423.9592755713134,0.0,0.0,0.04459481,1,High Risk - Severe Poverty,High
Orhionmwon,Edo,6.294568,6.027932,0.6606730373401871,0.0358,8.316,43.0149,1.695,248.48405975596245,47.0,198.0,1.5484,0.5863702333780372,1467.6389027813823,0.0,0.0,0.037140112,1,High Risk - Severe Poverty,High
Ovia North East,Edo,6.29312,5.543304,0.17222594360400384,0.0358,8.316,43.0149,1.695,248.48405975596245,0.0,198.0,1.5484,0.5314709082189464,2432.308705284784,0.0,0.0,0.035709236,1,High Risk - Severe Poverty,High
Ovia South West,Edo,6.567402,5.353142,0.05023448065402493,0.0358,8.316,43.0149,1.695,248.48405975596242,0.0,198.0,1.5484,0.5205201154609418,1239.3873489702225,0.0,0.0,0.036573038,1,High Risk - Severe Poverty,High
Owan East,Edo,6.943126,5.985832,0.011769378617543963,0.0358,8.316,43.0149,1.695,248.48405975596245,54.0,198.0,1.5484,0.4863637334643519,2304.766341183406,0.0,0.0,0.038527068,1,High Risk - Severe Poverty,High
Owan West,Edo,6.907245,5.924599,0.021326549890884703,0.0358,8.316,43.0149,1.695,248.48405975596245,44.0,198.0,1.5484,0.5138647253198467,1280.279130352301,0.0,0.0,0.038407862,1,High Risk - Severe Poverty,High
Uhunmwonde,Edo,6.617483,5.985682,0.11825398247427853,0.0358,8.316,43.0149,1.695,248.48405975596242,0.0,198.0,1.5484,0.5314709082189464,2432.308705284784,0.0,0.0,0.035709236,1,High Risk - Severe Poverty,High
Ado-Ekiti,Ekiti,7.621111,5.221389,0.5974723230933677,0.0532,12.4744,42.6072,3.5337,619.2524691243917,0.0,248.0,2.4565,0.401596409177995,1379.4679241804083,0.0,0.0,0.05282657,1,High Risk - Severe Poverty,High
Efon,Ekiti,7.36666667,3.63333333,0.016888835748680206,0.0532,12.4744,42.6072,3.5337,619.2524691243917,43.0,248.0,2.4565,0.4031945451476518,1398.4134903413026,0.0,0.0,0.05312271,1,High Risk - Severe Poverty,High
Ekiti East,Ekiti,7.749096,5.719633,0.011670536741420821,0.0532,12.4744,42.6072,3.5337,619.2524691243916,36.0,248.0,2.4565,0.3491484406806201,1426.1368490052203,0.0,0.0,0.053073112,1,High Risk - Severe Poverty,High
Ekiti South West,Ekiti,7.617082,5.24349,0.01191185527446291,0.0532,12.4744,42.6072,3.5337,619.2524691243916,41.0,248.0,2.4565,0.4035664789207182,1517.897137768857,0.0,0.0,0.052511252,1,High Risk - Severe Poverty,High
Ekiti West,Ekiti,7.657723,5.223741,0.006509082574470371,0.0532,12.4744,42.6072,3.5337,619.2524691243916,48.0,248.0,2.4565,0.3913416853854478,1229.4412971205425,0.0,0.0,0.05310676,1,High Risk - Severe Poverty,High
Emure,Ekiti,7.45,5.46667,0.005050526327735544,0.0532,12.4744,42.6072,3.5337,619.2524691243916,26.0,248.0,2.4565,0.4035664789207182,1517.8971377688572,0.0,0.0,0.056773897,1,High Risk - Severe Poverty,High
Gbonyin,Ekiti,7.621623,5.239016,0.004329469109314199,0.0532,12.4744,42.6072,3.5337,619.2524691243916,0.0,248.0,2.4565,0.4472392664403536,1308.719407310556,0.0,0.0,0.052031267,1,High Risk - Severe Poverty,High
Ido-Osi,Ekiti,7.856505,5.175537,0.024779033858196537,0.0532,12.4744,42.6072,3.5337,619.2524691243916,46.0,248.0,2.4565,0.4031945451476517,1398.4134903413023,0.0,0.0,0.053234473,1,High Risk - Severe Poverty,High
Ijero,Ekiti,7.81667,5.08333,0.0066070186751463755,0.0532,12.4744,42.6072,3.5337,619.2524691243916,51.0,248.0,2.4565,0.44836898355023563,1243.2744402711683,0.0,0.0,0.051978033,1,High Risk - Severe Poverty,High
Ikere,Ekiti,7.5,5.23333,0.04822165786847805,0.0532,12.4744,42.6072,3.5337,619.2524691243916,48.0,248.0,2.4565,0.4031945451476517,1398.4134903413023,0.0,0.0,0.052976806,1,High Risk - Severe Poverty,High
Ikole,Ekiti,7.78333333,5.51666667,6.58193912991339e-05,0.0532,12.4744,42.6072,3.5337,619.2524691243916,43.0,248.0,2.4565,0.3843774390137732,1590.0020218188617,0.0,0.0,0.052538093,1,High Risk - Severe Poverty,High
Ilejemeje,Ekiti,7.953263,5.230908,0.0,0.0532,12.4744,42.6072,3.5337,619.2524691243916,21.0,248.0,2.4565,0.4065180415456619,1509.0037759447973,0.0,0.0,0.05397396,1,High Risk - Severe Poverty,High
Irepodun/Ifelodun,Ekiti,7.621111,5.221389,0.03451497679142127,0.0532,12.4744,42.6072,3.5337,619.2524691243916,48.0,248.0,2.4565,0.4427361771081819,1503.2128434907197,0.0,0.0,0.049767926,1,High Risk - Severe Poverty,High
Ise/Orun,Ekiti,7.46,5.42,0.0014971275141333294,0.0532,12.4744,42.6072,3.5337,619.2524691243916,47.0,248.0,2.4565,0.4031945451476517,1398.4134903413023,0.0,0.0,0.052708253,1,High Risk - Severe Poverty,High
Moba,Ekiti,7.987774,5.124049,0.04179959194291206,0.0532,12.4744,42.6072,3.5337,619.2524691243916,32.0,248.0,2.4565,0.45022865241556786,1840.6926774089404,0.0,0.0,0.051728155,1,High Risk - Severe Poverty,High
Oye,Ekiti,7.79944444,5.32833333,0.006155050632717846,0.0532,12.4744,42.6072,3.5337,619.2524691243916,42.0,248.0,2.4565,0.4031945451476518,1398.4134903413026,0.0,0.0,0.05327445,1,High Risk - Severe Poverty,High
Aninri,Enugu,6.05,7.58333333,0.0,0.03,6.8819,43.6104,2.3834,615.0720437082235,37.0,384.0,2.4565,0.4016048786375043,1352.4044001933514,0.0,0.0,0.030543832,1,High Risk - Severe Poverty,High
Awgu,Enugu,6.1169,7.476,0.011844488432010015,0.03,6.8819,43.6104,2.3834,615.0720437082235,53.0,384.0,2.4565,0.4452492516154414,1410.621145411118,0.0,0.0,0.031007938,1,High Risk - Severe Poverty,High
Enugu East,Enugu,6.53333,7.53333,0.47465436859700666,0.03,6.8819,43.6104,2.3834,615.0720437082236,137.0,384.0,2.4565,0.2900705940159234,1209.9547789361825,0.0,0.0,0.03154585,1,High Risk - Severe Poverty,High
Enugu North,Enugu,6.46666667,7.51666667,3.407221186983174,0.03,6.8819,43.6104,2.3834,615.0720437082235,147.0,384.0,2.4565,0.42464674999143304,1424.354417562286,0.0,0.0,0.029892985,1,High Risk - Severe Poverty,High
Enugu South,Enugu,6.4,7.5,1.3445667128477778,0.03,6.8819,43.6104,2.3834,615.0720437082235,95.0,384.0,2.4565,0.4673494792403548,1527.7643651958554,0.0,0.0,0.030053917,1,High Risk - Severe Poverty,High
Ezeagu,Enugu,6.75,7.33333333,0.008660513656886437,0.03,6.8819,43.6104,2.3834,615.0720437082236,81.0,384.0,2.4565,0.4594276845418076,1434.9341251700378,0.0,0.0,0.030249879,1,High Risk - Severe Poverty,High
Igbo Etiti,Enugu,6.66667,7.36667,0.016316512275065018,0.03,6.8819,43.6104,2.3834,615.0720437082235,0.0,384.0,2.4565,0.5854394335184907,1423.4669887538805,0.0,0.0,0.029807478,1,High Risk - Severe Poverty,High
Igbo Eze North,Enugu,6.98333,7.45,0.016297410395889046,0.03,6.8819,43.6104,2.3834,615.0720437082236,0.0,384.0,2.4565,0.49137944517415627,1384.7674108219246,0.0,0.0,0.030288767,1,High Risk - Severe Poverty,High
Igbo Eze South,Enugu,6.91667,7.4,0.016316512275065018,0.03,6.8819,43.6104,2.3834,615.0720437082235,0.0,384.0,2.4565,0.552387664373147,1275.6076350355152,0.0,0.0,0.029807478,1,High Risk - Severe Poverty,High
Isi-Uzo,Enugu,6.78333333,7.71666667,9.550939587985769e-05,0.03,6.8819,43.6104,2.3834,615.0720437082235,67.0,384.0,2.4565,0.4452492516154414,1410.621145411118,0.0,0.0,0.030273458,1,High Risk - Severe Poverty,High
Nkanu East,Enugu,6.33333333,7.65,0.018415653732587706,0.03,6.8819,43.6104,2.3834,615.0720437082236,73.0,384.0,2.4565,0.4534899825738433,1609.504713151934,0.0,0.0,0.030560572,1,High Risk - Severe Poverty,High
Nkanu West,Enugu,6.3,7.55,0.06354084015403767,0.03,6.8819,43.6104,2.3834,615.0720437082236,56.0,384.0,2.4565,0.4452492516154414,1410.621145411118,0.0,0.0,0.03003135,1,High Risk - Severe Poverty,High
Nsukka,Enugu,6.85666667,7.39583333,0.04460641720171633,0.03,6.8819,43.6104,2.3834,615.0720437082235,104.0,384.0,2.4565,0.47249704326933517,1473.96929898795,0.0,0.0,0.030175693,1,High Risk - Severe Poverty,High
Oji-River,Enugu,6.26666667,7.26666667,0.0061017233933975444,0.03,6.8819,43.6104,2.3834,615.0720437082235,0.0,384.0,2.4565,0.49137944517415627,1384.7674108219246,0.0,0.0,0.030634018,1,High Risk - Severe Poverty,High
Udenu,Enugu,6.91667,7.51667,0.03913039595964752,0.03,6.8819,43.6104,2.3834,615.0720437082235,92.0,384.0,2.4565,0.43982665085770867,1300.5789315395077,0.0,0.0,0.030203186,1,High Risk - Severe Poverty,High
Udi,Enugu,6.31667,7.43333,0.05191504392158995,0.03,6.8819,43.6104,2.3834,615.0720437082235,97.0,384.0,2.4565,0.4594276845418076,1434.9341251700378,0.0,0.0,0.030058654,1,High Risk - Severe Poverty,High
Uzo-Uwani,Enugu,6.75,7.2,0.0,0.03,6.8819,43.6104,2.3834,615.0720437082235,61.0,384.0,2.4565,0.46397526676779577,1262.853316974942,0.0,0.0,0.030379267,1,High Risk - Severe Poverty,High
Abaji,Federal Capital Territory,8.475556,6.943333,0.5895193299096638,0.24969999999999998,45.0612,55.4098,26.7308,499.12601386905624,52.0,405.0,1.2893000000000001,0.47992050148293214,2204.2968366951804,378.0,0.0,0.24789807,0,Critical - Humanitarian Emergency,Critical
Abuja,Federal Capital Territory,9.06666667,7.48333333,0.009994187410340614,0.032459999999999996,7.5663800000000005,42.91302,1.5870199999999999,499.12601386905624,0.0,405.0,2.4565,0.4619694714748677,1504.488750635733,0.0,0.0,0.033630617,1,High Risk - Severe Poverty,High
Bwari,Federal Capital Territory,9.280278,7.38,0.7044133616149427,0.24969999999999998,45.0612,55.4098,26.7308,499.12601386905624,121.0,405.0,0.72622,0.505610243991079,2047.3041546761276,573.0,0.0,0.24950618,0,Critical - Humanitarian Emergency,Critical
Gwagwalada,Federal Capital Territory,8.939167,7.075833,0.17716344453276228,0.23318,42.86782,54.12822,24.324419999999996,499.1260138690562,82.0,405.0,0.8946400000000001,0.42542588462074016,1497.4121105190677,606.0,0.0,0.23470843,0,Critical - Humanitarian Emergency,Critical
Kuje,Federal Capital Territory,8.88222222,7.22027778,0.5885132765566179,0.24969999999999998,45.0612,55.4098,26.7308,499.1260138690563,83.0,405.0,0.9,0.48483223669283265,2120.9112313322644,389.0,0.0,0.24894077,0,Critical - Humanitarian Emergency,Critical
Kwali,Federal Capital Territory,8.839722,7.054167,2.4592938341712305,0.28334000000000004,51.53134,55.04898000000001,31.111739999999998,499.12601386905624,65.0,405.0,0.9494,0.4143870721357235,1789.3124641434213,1476.0,0.0,0.28246313,0,Critical - Humanitarian Emergency,Critical
Akko,Gombe,10.10706761352457,11.041261362116334,0.04383214955725094,0.3345,61.3412,54.5291,40.1715,252.66679718509138,119.0,408.0,0.749,0.46960998510177887,1732.6248342859828,9993.0,0.0,0.3344624,0,Critical - Humanitarian Emergency,Critical
Balanga,Gombe,9.96666667,11.68333333,0.00466411095426464,0.3345,61.3412,54.5291,40.1715,252.66679718509138,86.0,408.0,0.749,0.33008064427400846,247.2240230377153,7102.0,0.0,0.33385712,0,Critical - Humanitarian Emergency,Critical
Billiri,Gombe,9.83333333,11.15,0.027401522041102987,0.3345,61.3412,54.5291,40.1715,252.66679718509138,101.0,408.0,0.749,0.44654974789006463,1667.3391464911765,893.0,0.0,0.33376816,0,Critical - Humanitarian Emergency,Critical
Dukku,Gombe,10.81666667,10.76666667,0.0024080874111802623,0.3345,61.3412,54.5291,40.1715,252.66679718509138,80.0,408.0,0.749,0.3329725646397502,941.5264076526018,1472.0,0.0,0.33420238,0,Critical - Humanitarian Emergency,Critical
Funakaye,Gombe,10.85,11.43333333,0.03285191481427018,0.3345,61.3412,54.5291,40.1715,252.66679718509135,63.0,408.0,0.749,0.4120690485832239,1812.4457825314507,5079.0,0.0,0.33356553,0,Critical - Humanitarian Emergency,Critical
Gombe,Gombe,10.28333333,11.16666667,1.6266576291699157,0.3345,61.3412,54.5291,40.1715,252.66679718509138,68.0,408.0,0.749,0.35741662175288413,796.0409624657259,9307.0,0.0,0.33367318,0,Critical - Humanitarian Emergency,Critical
Kaltungo,Gombe,9.88333333,11.43333333,0.018735039838486248,0.3345,61.3412,54.5291,40.1715,252.66679718509135,92.0,408.0,0.749,0.4144178196112385,1495.3738049476465,5765.0,0.0,0.33408028,0,Critical - Humanitarian Emergency,Critical
Kwami,Gombe,10.5,11.25,0.021017787317875066,0.3345,61.3412,54.5291,40.1715,252.66679718509138,73.0,408.0,0.749,0.3284888471715731,905.4400451483787,2137.0,0.0,0.33435702,0,Critical - Humanitarian Emergency,Critical
Nafada,Gombe,11.1333,11.25,0.003127094254647763,0.3345,61.3412,54.5291,40.1715,252.66679718509135,42.0,408.0,0.749,0.3935168276350938,1798.841697364313,1613.0,0.0,0.33388454,0,Critical - Humanitarian Emergency,Critical
Shongom,Gombe,9.65,11.2167,0.010735771534265425,0.3345,61.3412,54.5291,40.1715,252.6667971850914,78.0,408.0,0.749,0.36981058046441456,968.3386160303206,0.0,0.0,0.11243323,0,Critical - Humanitarian Emergency,Critical
Yamaltu/Deba,Gombe,10.2167,11.3833,0.02819885222155637,0.3345,61.3412,54.5291,40.1715,252.6667971850914,96.0,408.0,0.749,0.4453620380919531,1629.8481845407618,4121.0,0.0,0.3339993,0,Critical - Humanitarian Emergency,Critical
Aboh Mbaise,Imo,5.45,7.23333333,0.019537151409046993,0.0183,4.6123,39.654,0.2865,1133.297673756501,0.0,238.0,3.5694,0.36621039188153104,931.6097384995049,0.0,0.0,0.018036384,1,High Risk - Severe Poverty,High
Ahiazu Mbaise,Imo,5.546985,7.270299,0.029971518982394814,0.0183,4.6123,39.654,0.2865,1133.297673756501,0.0,238.0,3.5694,0.3427314400682927,794.6869871020178,0.0,0.0,0.018247986,1,High Risk - Severe Poverty,High
Ehime Mbano,Imo,5.66258,7.30387,0.019537151409046993,0.0183,4.6123,39.654,0.2865,1133.2976737565011,0.0,238.0,3.5694,0.3522201258524621,850.3080964060546,0.0,0.0,0.018037511,1,High Risk - Severe Poverty,High
Ezinihitte Mbaise,Imo,5.50511,7.367715,0.029971518982394814,0.0183,4.6123,39.654,0.2865,1133.2976737565011,0.0,238.0,3.5694,0.3427314400682927,794.6869871020178,0.0,0.0,0.018247986,1,High Risk - Severe Poverty,High
Ideato North,Imo,5.50511,7.367715,0.008284768137064847,0.0183,4.6123,39.654,0.2865,1133.297673756501,72.0,238.0,3.5694,0.29924411996842937,592.9006502507675,0.0,0.0,0.018635496,1,High Risk - Severe Poverty,High
Ideato South,Imo,5.85,7.1,0.0,0.0183,4.6123,39.654,0.2865,1133.2976737565011,40.0,238.0,3.5694,0.3100414541181281,653.30957419402,0.0,0.0,0.018267395,1,High Risk - Severe Poverty,High
Ihitte/Uboma,Imo,5.616412,7.349424,0.0017206611055316347,0.0183,4.6123,39.654,0.2865,1133.2976737565011,38.0,238.0,3.5694,0.27022686661100753,582.0417133322278,0.0,0.0,0.018908985,1,High Risk - Severe Poverty,High
Ikeduru,Imo,5.550556,7.066389,0.05438271186969899,0.0183,4.6123,39.654,0.2865,1133.297673756501,81.0,238.0,3.5694,0.31576941011003445,629.1017284982146,0.0,0.0,0.01819654,1,High Risk - Severe Poverty,High
Isiala Mbano,Imo,5.703582,7.179541,0.007052644927871419,0.0183,4.6123,39.654,0.2865,1133.2976737565011,76.0,238.0,3.5694,0.2527716424194627,446.6618092821533,0.0,0.0,0.019417012,1,High Risk - Severe Poverty,High
Isu,Imo,5.68388889,7.06888889,0.0022861605031149726,0.0183,4.6123,39.654,0.2865,1133.297673756501,43.0,238.0,3.5694,0.3100414541181281,653.30957419402,0.0,0.0,0.01829911,1,High Risk - Severe Poverty,High
Mbaitoli,Imo,5.587778,7.05,0.6831227866553173,0.0183,4.6123,39.654,0.2865,1133.2976737565011,94.0,238.0,3.5694,0.4081644791624083,921.3899339931517,0.0,0.0,0.018306931,1,High Risk - Severe Poverty,High
Ngor Okpala,Imo,5.496233,7.043545,0.029971518982394814,0.0183,4.6123,39.654,0.2865,1133.2976737565011,0.0,238.0,3.5694,0.3427314400682927,794.6869871020178,0.0,0.0,0.018247986,1,High Risk - Severe Poverty,High
Njaba,Imo,5.702103,7.018633,0.03883074614309495,0.0183,4.6123,39.654,0.2865,1133.2976737565011,25.0,238.0,3.5694,0.3960570878713085,1039.8801320588414,0.0,0.0,0.018761342,1,High Risk - Severe Poverty,High
Nkwerre,Imo,5.75,7.1,0.07999436012827434,0.0183,4.6123,39.654,0.2865,1133.2976737565011,36.0,238.0,3.5694,0.3100414541181281,653.30957419402,0.0,0.0,0.018142518,1,High Risk - Severe Poverty,High
Nwangele,Imo,5.725859,7.119447,0.01390659112122751,0.0183,4.6123,39.654,0.2865,1133.2976737565011,33.0,238.0,3.5694,0.3289427281251544,569.5952552134605,0.0,0.0,0.018662015,1,High Risk - Severe Poverty,High
Obowo,Imo,5.601592,7.320757,0.01123379284335721,0.0183,4.6123,39.654,0.2865,1133.2976737565011,66.0,238.0,3.5694,0.2945783033902943,570.4975339162677,0.0,0.0,0.018635496,1,High Risk - Severe Poverty,High
Oguta,Imo,5.71166667,6.80944444,1.540206391871623,0.0183,4.6123,39.654,0.2865,1133.2976737565011,57.0,238.0,3.5694,0.30523655243471826,639.4664546951311,0.0,0.0,0.018158875,1,High Risk - Severe Poverty,High
Ohaji/Egbema,Imo,5.305833,6.945556,2.96102639174803,0.0183,4.6123,39.654,0.2865,1133.297673756501,63.0,238.0,3.5694,0.2945783033902943,570.4975339162677,0.0,0.0,0.018220173,1,High Risk - Severe Poverty,High
Okigwe,Imo,5.483,7.55,0.0,0.0183,4.6123,39.654,0.2865,1133.297673756501,70.0,238.0,3.5694,0.29279231733367045,574.6093140630378,0.0,0.0,0.018047152,1,High Risk - Severe Poverty,High
Onuimo,Imo,5.77363,7.2411,0.01540523641384565,0.0183,4.6123,39.654,0.2865,1133.2976737565011,22.0,238.0,3.5694,0.3427314400682927,794.6869871020178,0.0,0.0,0.019475875,1,High Risk - Severe Poverty,High
Orlu,Imo,5.79638889,7.03888889,0.029905863188851436,0.0183,4.6123,39.654,0.2865,1133.297673756501,120.0,238.0,3.5694,0.38460192384537056,655.7816057496628,0.0,0.0,0.018310737,1,High Risk - Severe Poverty,High
Orsu,Imo,5.853889,6.86,0.0,0.0183,4.6123,39.654,0.2865,1133.2976737565011,62.0,238.0,3.5694,0.2945783033902943,570.4975339162677,0.0,0.0,0.018240876,1,High Risk - Severe Poverty,High
Oru East,Imo,5.983333,6.983333,0.027631130928688862,0.0183,4.6123,39.654,0.2865,1133.297673756501,62.0,238.0,3.5694,0.24974403554845173,435.5643156704391,0.0,0.0,0.018313998,1,High Risk - Severe Poverty,High
Oru West,Imo,5.735833,6.883333,0.0038171970483028526,0.0183,4.6123,39.654,0.2865,1133.2976737565011,65.0,238.0,3.5694,0.2945783033902943,570.4975339162677,0.0,0.0,0.018151458,1,High Risk - Severe Poverty,High
Owerri Municipal,Imo,5.485,7.035,1.874369204044342,0.0183,4.6123,39.654,0.2865,1133.2976737565011,111.0,238.0,3.5694,0.24334444041430756,566.6149353774487,0.0,0.0,0.018068153,1,High Risk - Severe Poverty,High
Owerri North,Imo,5.456667,7.102778,0.3851538397671975,0.0183,4.6123,39.654,0.2865,1133.2976737565011,95.0,238.0,3.5694,0.30587983472616187,627.5028527610968,0.0,0.0,0.01818618,1,High Risk - Severe Poverty,High
Owerri West,Imo,5.476513,6.979718,0.13390217704546586,0.0183,4.6123,39.654,0.2865,1133.2976737565011,74.0,238.0,3.5694,0.3258744916662015,609.9469349019627,0.0,0.0,0.01819654,1,High Risk - Severe Poverty,High
Auyo,Jigawa,12.36,9.98555556,0.015751522972256026,0.4377,74.7774,58.5301,51.9815,320.0993655210124,30.0,180.0,1.5484,0.3697747718126027,1852.5817796302285,0.0,0.0,0.4368083,0,Critical - Humanitarian Emergency,Critical
Babura,Jigawa,12.63333333,8.96666667,0.015482882180331666,0.4377,74.7774,58.5301,51.9815,320.0993655210124,34.0,180.0,1.46828,0.28526967092201017,625.727206059687,155.0,0.0,0.43604785,0,Critical - Humanitarian Emergency,Critical
Biriniwa,Jigawa,12.7833,10.2333,0.007761018622356157,0.4377,74.7774,58.5301,51.9815,320.0993655210124,0.0,180.0,1.50914,0.4113670018939044,1709.926482171455,0.0,0.0,0.43737826,0,Critical - Humanitarian Emergency,Critical
Birnin Kudu,Jigawa,11.45,9.475,0.02287811054608363,0.4377,74.7774,58.5301,51.9815,320.0993655210124,51.0,180.0,1.5484,0.23953570142050876,560.7823517824337,0.0,0.0,0.43791956,0,Critical - Humanitarian Emergency,Critical
Buji,Jigawa,11.66371,9.730518,0.015053524021634285,0.4377,74.7774,58.5301,51.9815,320.0993655210124,29.0,180.0,1.5484,0.3697747718126027,1852.5817796302285,0.0,0.0,0.43758252,0,Critical - Humanitarian Emergency,Critical
Dutse,Jigawa,11.70111111,9.34194444,0.14757536027781176,0.4377,74.7774,58.5301,51.9815,320.0993655210124,60.0,180.0,1.5484,0.2813909846043068,622.9491479843792,0.0,0.0,0.43334547,0,Critical - Humanitarian Emergency,Critical
Gagarawa,Jigawa,12.407564,9.528397,0.025483663486636086,0.4377,74.7774,58.5301,51.9815,320.0993655210124,21.0,180.0,1.50914,0.36167096944878196,1532.4101470874195,0.0,0.0,0.43842667,0,Critical - Humanitarian Emergency,Critical
Garki,Jigawa,12.432259,9.181244,0.0034899752230135857,0.4377,74.7774,58.5301,51.9815,320.0993655210123,31.0,180.0,1.5484,0.35484955577766686,428.9515379117505,7.0,0.0,0.43718448,0,Critical - Humanitarian Emergency,Critical
Gumel,Jigawa,12.62833333,9.38972222,0.12337806012895372,0.4377,74.7774,58.5301,51.9815,320.0993655210124,22.0,180.0,1.50914,0.36167096944878196,1532.4101470874195,0.0,0.0,0.4340041,0,Critical - Humanitarian Emergency,Critical
Guri,Jigawa,12.633757685656764,10.481106764515644,0.00840451930559348,0.4377,74.7774,58.5301,51.9815,320.0993655210124,22.0,180.0,1.5484,0.2458356134866274,493.6576083891963,0.0,0.0,0.43109453,0,Critical - Humanitarian Emergency,Critical
Gwaram,Jigawa,11.185833,9.968611,0.005968409145061399,0.4377,74.7774,58.5301,51.9815,320.0993655210123,74.0,180.0,1.5484,0.3192413628216618,783.7653480281082,0.0,0.0,0.43701255,0,Critical - Humanitarian Emergency,Critical
Gwiwa,Jigawa,12.736914,8.271095,0.027012434648157644,0.4377,74.7774,58.5301,51.9815,320.0993655210123,28.0,180.0,1.5484,0.2620487209755721,674.0657191899712,0.0,0.0,0.43692046,0,Critical - Humanitarian Emergency,Critical
Hadejia,Jigawa,12.45,10.04,1.2364802345066335,0.4377,74.7774,58.5301,51.9815,320.0993655210124,21.0,180.0,1.50914,0.36167096944878196,1532.4101470874195,0.0,0.0,0.43660787,0,Critical - Humanitarian Emergency,Critical
Jahun,Jigawa,12.06666667,9.63333333,0.014868292245213827,0.4377,74.7774,58.5301,51.9815,320.0993655210124,48.0,180.0,1.5484,0.2565255067039512,514.0726985485456,0.0,0.0,0.43897852,0,Critical - Humanitarian Emergency,Critical
Kafin Hausa,Jigawa,11.981763,8.496467,0.007811408488676737,0.4377,74.7774,58.5301,51.9815,320.0993655210124,45.0,180.0,1.5484,0.3192413628216618,783.7653480281082,0.0,0.0,0.43744692,0,Critical - Humanitarian Emergency,Critical
Kaugama,Jigawa,12.4833,9.73333,0.016591074401356286,0.4377,74.7774,58.5301,51.9815,320.0993655210124,26.0,180.0,1.5484,0.3000488617154258,978.4441220976734,0.0,0.0,0.43797106,0,Critical - Humanitarian Emergency,Critical
Kazaure,Jigawa,12.6528,8.41194,0.12640366049180196,0.4377,74.7774,58.5301,51.9815,320.0993655210124,26.0,180.0,1.5484,0.36977477181260265,1852.5817796302285,0.0,0.0,0.43512115,0,Critical - Humanitarian Emergency,Critical
Kiri Kasama,Jigawa,12.594408,10.214753,0.025216396702521047,0.4377,74.7774,58.5301,51.9815,320.0993655210124,0.0,180.0,1.5484,0.5105288832011846,1561.6473946101494,0.0,0.0,0.4363485,0,Critical - Humanitarian Emergency,Critical
Kiyawa,Jigawa,11.78472222,9.60833333,0.01628312470074244,0.4377,74.7774,58.5301,51.9815,320.0993655210124,43.0,180.0,1.5484,0.3338788957415596,1276.4405964471084,0.0,0.0,0.43737862,0,Critical - Humanitarian Emergency,Critical
Maigatari,Jigawa,12.804038,9.448007,0.007928432918142998,0.4377,74.7774,58.5301,51.9815,320.0993655210124,24.0,180.0,1.5484,0.5321290894999398,2783.880622889571,0.0,0.0,0.43724433,0,Critical - Humanitarian Emergency,Critical
Malam Madori,Jigawa,12.554071,10.028136,0.036072753038014264,0.4377,74.7774,58.5301,51.9815,320.0993655210124,43.0,180.0,1.5484,0.29350762681629894,1052.8395395024163,0.0,0.0,0.43585807,0,Critical - Humanitarian Emergency,Critical
Miga,Jigawa,12.23333333,9.71666667,0.007682958698155834,0.4377,74.7774,58.5301,51.9815,320.0993655210124,26.0,180.0,1.5484,0.4682925615663445,2732.002662870686,0.0,0.0,0.43700173,0,Critical - Humanitarian Emergency,Critical
Ringim,Jigawa,12.28333333,9.46666667,0.02708037046038757,0.4377,74.7774,58.5301,51.9815,320.0993655210124,33.0,180.0,1.5484,0.3697747718126027,1852.5817796302285,0.0,0.0,0.43696687,0,Critical - Humanitarian Emergency,Critical
Roni,Jigawa,12.566481,8.347088,0.01386590788467715,0.4377,74.7774,58.5301,51.9815,320.0993655210124,28.0,180.0,1.5484,0.35457864920379595,3086.32539007938,0.0,0.0,0.45297167,0,Critical - Humanitarian Emergency,Critical
Sule Tankarkar,Jigawa,12.65577,9.18751,0.004901834029639724,0.4377,74.7774,58.5301,51.9815,320.0993655210124,0.0,180.0,1.50914,0.4113670018939044,1709.926482171455,0.0,0.0,0.4373455,0,Critical - Humanitarian Emergency,Critical
Taura,Jigawa,12.2724893,9.36241882485775,0.012918583451017821,0.4377,74.7774,58.5301,51.9815,320.0993655210124,28.0,180.0,1.5484,0.4639050656018753,1792.0710039134322,0.0,0.0,0.43483943,0,Critical - Humanitarian Emergency,Critical
Yankwashi,Jigawa,12.743623,8.53892,0.023076154654247276,0.4377,74.7774,58.5301,51.9815,320.0993655210123,21.0,180.0,1.50914,0.36167096944878196,1532.4101470874195,0.0,0.0,0.43829715,0,Critical - Humanitarian Emergency,Critical
Birnin Gwari,Kaduna,10.6667,6.55,0.0012742105020408377,0.1671,34.0943,49.0019,14.6989,200.48373950488167,66.0,450.0,1.06522,0.5150148475772154,2658.1207323302156,0.0,0.0,0.14983286,1,High Risk - Severe Poverty,High
Chikun,Kaduna,10.285059,7.110283,0.08886442404625244,0.1671,34.0943,49.0019,14.6989,200.4837395048817,102.0,450.0,0.6806800000000001,0.4778415713590441,1751.0454483324709,24855.0,0.0,0.16799489,1,High Risk - Severe Poverty,High
Giwa,Kaduna,11.280784,7.417606,0.0028942614183363143,0.1671,34.0943,49.0019,14.6989,200.4837395048817,82.0,450.0,1.2110600000000002,0.5636806640918894,2548.3406898540234,2249.0,0.0,0.1671982,1,High Risk - Severe Poverty,High
Igabi,Kaduna,10.78333333,7.76666667,0.14129103105964583,0.1671,34.0943,49.0019,14.6989,200.4837395048817,16.0,450.0,0.6148200000000001,0.33863384091244664,1196.1234495295573,7582.0,0.0,0.16679233,1,High Risk - Severe Poverty,High
Ikara,Kaduna,11.1833,8.23333,0.00601756616124829,0.1671,34.0943,49.0019,14.6989,200.4837395048817,52.0,450.0,0.5647599999999999,0.36857348045370253,2671.5458084717106,459.0,0.0,0.16643411,1,High Risk - Severe Poverty,High
Jaba,Kaduna,9.44818,8.00845,0.013048317247571854,0.1671,34.0943,49.0019,14.6989,200.4837395048817,54.0,450.0,0.58518,0.3597758316973946,1926.1084446756468,592.0,0.0,0.16724616,1,High Risk - Severe Poverty,High
Jema'a,Kaduna,9.578827,8.292147,0.014730372278672922,0.1671,34.0943,49.0019,14.6989,200.48373950488173,0.0,450.0,1.06522,0.39649868405640165,2693.230163627549,0.0,0.0,0.16939086,1,High Risk - Severe Poverty,High
Kachia,Kaduna,9.872636,7.955089,0.006976146988764212,0.1671,34.0943,49.0019,14.6989,200.4837395048817,91.0,450.0,1.2314800000000001,0.43692610784986663,1612.0703413726385,4813.0,0.0,0.16698714,1,High Risk - Severe Poverty,High
Kaduna North,Kaduna,9.923174,7.430551,5.615119988981046,0.1671,34.0943,49.0019,14.6989,200.4837395048817,82.0,450.0,0.8968999999999999,0.5815546892384212,2731.708556066007,10303.0,0.0,0.16760519,1,High Risk - Severe Poverty,High
Kaduna South,Kaduna,10.464834,7.418024,3.2167498492635787,0.1671,34.0943,49.0019,14.6989,200.4837395048817,75.0,450.0,0.7809800000000001,0.42597601945303964,1695.3437465684442,2313.0,0.0,0.16828693,1,High Risk - Severe Poverty,High
Kagarko,Kaduna,9.45,7.68333333,0.07099484688369619,0.1671,34.0943,49.0019,14.6989,200.4837395048817,77.0,450.0,0.87422,0.48729049009835135,2469.702075287019,6816.0,0.0,0.17028847,1,High Risk - Severe Poverty,High
Kajuru,Kaduna,9.489736,7.695075,0.002062364578812528,0.1671,34.0943,49.0019,14.6989,200.4837395048817,49.0,450.0,0.8491,0.42568317022451013,1554.2945439883395,10986.0,0.0,0.16822514,1,High Risk - Severe Poverty,High
Kaura,Kaduna,9.630686,8.503075,0.02912974231457584,0.1671,34.0943,49.0019,14.6989,200.48373950488173,42.0,450.0,0.8287800000000001,0.5950892784407854,2053.9687210223206,1267.0,0.0,0.16757287,1,High Risk - Severe Poverty,High
Kauru,Kaduna,10.65,8.15,0.0002588371432876996,0.1671,34.0943,49.0019,14.6989,200.4837395048817,53.0,450.0,1.0630600000000001,0.40040502070868966,1764.579711715244,5296.0,0.0,0.16773169,1,High Risk - Severe Poverty,High
Kubau,Kaduna,10.96289,8.392213,0.006163303027032266,0.1671,34.0943,49.0019,14.6989,200.48373950488173,71.0,450.0,1.23148,0.4572115757352346,2294.136001616906,1985.0,0.0,0.16678165,1,High Risk - Severe Poverty,High
Kudan,Kaduna,11.26478,7.648952,0.014385626321150497,0.1671,34.0943,49.0019,14.6989,200.48373950488173,47.0,450.0,0.5647599999999999,0.38506604230797803,1858.6597873024941,499.0,0.0,0.16741508,1,High Risk - Severe Poverty,High
Lere,Kaduna,10.416589,8.681673,0.004180291834058779,0.1671,34.0943,49.0019,14.6989,200.48373950488173,90.0,450.0,0.68068,0.5028804629897864,1839.5225831863254,17012.0,0.0,0.1658845,1,High Risk - Severe Poverty,High
Makarfi,Kaduna,11.29795,7.96917,0.0509811828409582,0.1671,34.0943,49.0019,14.6989,200.48373950488173,56.0,450.0,0.80676,0.4153031197175565,1944.4623559558615,0.0,0.0,0.16664557,1,High Risk - Severe Poverty,High
Sabon Gari,Kaduna,11.1167,7.73333,0.5180284593254327,0.1671,34.0943,49.0019,14.6989,200.48373950488173,49.0,450.0,1.20466,0.47388528554110315,2715.9266722499583,0.0,0.0,0.16444826,1,High Risk - Severe Poverty,High
Sanga,Kaduna,9.225183,8.459182,0.0011512483472640874,0.1671,34.0943,49.0019,14.6989,200.48373950488173,89.0,450.0,0.58518,0.33718206619713886,1574.5666945435373,678.0,0.0,0.16637264,1,High Risk - Severe Poverty,High
Soba,Kaduna,10.984935,8.058804,0.0042898322710104965,0.1671,34.0943,49.0019,14.6989,200.4837395048817,71.0,450.0,0.9494,0.4315146168983572,1951.2604009298188,1340.0,0.0,0.16782704,1,High Risk - Severe Poverty,High
Zangon Kataf,Kaduna,9.784597,8.283949,0.002110129894171034,0.1671,34.0943,49.0019,14.6989,200.4837395048817,66.0,450.0,0.80676,0.4153031197175565,1944.4623559558615,0.0,0.0,0.16539812,1,High Risk - Severe Poverty,High
Zaria,Kaduna,11.06666667,7.7,0.2658458388318644,0.1671,34.0943,49.0019,14.6989,200.4837395048817,80.0,450.0,0.72622,0.5261825401812799,2385.5211125380088,656.0,0.0,0.1752142,1,High Risk - Severe Poverty,High
Ajingi,Kano,11.97,9.03916667,0.0018791968341148517,0.2497,45.0612,55.4098,26.7308,609.396476661839,31.0,291.0,0.9220200000000001,0.42691079476357646,1671.5436757495377,940.0,0.0,0.25013053,0,Critical - Humanitarian Emergency,Critical
Albasu,Kano,11.67388889,9.14111111,0.015026337022477007,0.2497,45.0612,55.4098,26.7308,609.3964766618391,36.0,291.0,0.8764800000000001,0.44858573335540003,1644.460387916799,7499.0,0.0,0.25102946,0,Critical - Humanitarian Emergency,Critical
Bagwai,Kano,12.15777778,8.13583333,0.021481623004280106,0.2497,45.0612,55.4098,26.7308,609.3964766618391,52.0,291.0,2.4565,0.4893578602894433,2099.78244303484,40.0,0.0,0.25040498,0,Critical - Humanitarian Emergency,Critical
Bebeji,Kano,11.66666667,8.26666667,0.07842986958352387,0.2497,45.0612,55.4098,26.7308,609.3964766618391,35.0,291.0,2.4565,0.5216158802494442,1795.9417265481916,117.0,0.0,0.24962834,0,Critical - Humanitarian Emergency,Critical
Bichi,Kano,12.23416667,8.24111111,0.06335838823728589,0.2497,45.0612,55.4098,26.7308,609.396476661839,65.0,291.0,2.4565,0.49700985735920133,2177.8722447452633,157.0,0.0,0.24958073,0,Critical - Humanitarian Emergency,Critical
Bunkure,Kano,11.7,8.55,0.006482461772898518,0.2497,45.0612,55.4098,26.7308,609.396476661839,31.0,291.0,2.4565,0.45675307467440407,1747.2928886014217,23.0,0.0,0.24954197,0,Critical - Humanitarian Emergency,Critical
Dala,Kano,12.01666667,8.48333333,1.5755425062444475,0.2497,45.0612,55.4098,26.7308,609.396476661839,34.0,291.0,2.23562,0.4930772414636798,2194.05689151396,239.0,0.0,0.24969788,0,Critical - Humanitarian Emergency,Critical
Dambatta,Kano,12.43305556,8.51527778,0.008519133586509554,0.2497,45.0612,55.4098,26.7308,609.3964766618391,0.0,291.0,2.23562,0.5245338303546271,2845.5049016346065,361.0,0.0,0.24948266,0,Critical - Humanitarian Emergency,Critical
Dawakin Kudu,Kano,11.83472222,8.59805556,0.18616541122194508,0.2497,45.0612,55.4098,26.7308,609.3964766618391,32.0,291.0,0.87422,0.5015766001203079,2016.144614946753,542.0,0.0,0.24990323,0,Critical - Humanitarian Emergency,Critical
Dawakin Tofa,Kano,12.10277778,8.33138889,0.06100963978176443,0.2497,45.0612,55.4098,26.7308,609.396476661839,82.0,291.0,2.4565,0.3607400352170261,3642.568204334293,37.0,0.0,0.2492484,0,Critical - Humanitarian Emergency,Critical
Doguwa,Kano,10.75,8.73333333,0.013365304761833244,0.2497,45.0612,55.4098,26.7308,609.396476661839,34.0,291.0,2.4565,0.49527092724111677,2170.143571512408,126.0,0.0,0.24973488,0,Critical - Humanitarian Emergency,Critical
Fagge,Kano,12.00666667,8.52916667,2.7301964326338335,0.2497,45.0612,55.4098,26.7308,609.396476661839,70.0,291.0,2.23562,0.5254192593983157,2343.6512601304175,436.0,0.0,0.2497226,0,Critical - Humanitarian Emergency,Critical
Gabasawa,Kano,12.1,8.88333333,0.0034888668212802107,0.2497,45.0612,55.4098,26.7308,609.396476661839,32.0,291.0,2.23562,0.48483223669283265,2120.911231332264,440.0,0.0,0.25104454,0,Critical - Humanitarian Emergency,Critical
Garko,Kano,11.65,8.9,0.013493757538257786,0.2497,45.0612,55.4098,26.7308,609.396476661839,21.0,291.0,2.4565,0.5254192593983157,2343.6512601304175,61.0,0.0,0.24913304,0,Critical - Humanitarian Emergency,Critical
Garun Malam,Kano,11.6833,8.36667,0.10373602917868611,0.2497,45.0612,55.4098,26.7308,609.396476661839,0.0,291.0,2.4565,0.4809920237994003,1808.3244922017614,0.0,0.0,0.1062592,0,Critical - Humanitarian Emergency,Critical
Gaya,Kano,11.86805556,9.01111111,0.01451183834360675,0.2497,45.0612,55.4098,26.7308,609.396476661839,36.0,291.0,0.8946399999999999,0.5040548832635191,1819.076956742249,562.0,0.0,0.24934965,0,Critical - Humanitarian Emergency,Critical
Gezawa,Kano,12.1,8.73333333,0.6777404988278991,0.2497,45.0612,55.4098,26.7308,609.396476661839,36.0,291.0,1.23148,0.3901428511455026,1760.8732845975242,1711.0,0.0,0.2503341,0,Critical - Humanitarian Emergency,Critical
Gwale,Kano,11.96666667,8.5,5.150822690143677,0.2497,45.0612,55.4098,26.7308,609.396476661839,47.0,291.0,2.23562,0.41647662967131716,1820.159697947412,183.0,0.0,0.24919054,0,Critical - Humanitarian Emergency,Critical
Gwarzo,Kano,11.91666667,7.93333333,0.014253310580693129,0.2497,45.0612,55.4098,26.7308,609.396476661839,36.0,291.0,2.4565,0.5263627402307376,2309.919580275839,84.0,0.0,0.24971259,0,Critical - Humanitarian Emergency,Critical
Kabo,Kano,11.89146325,8.200628471157401,0.02333021795711597,0.2497,45.0612,55.4098,26.7308,609.396476661839,41.0,291.0,2.4565,0.5002993722401815,2314.722604261739,63.0,0.0,0.24979478,0,Critical - Humanitarian Emergency,Critical
Kano Municipal,Kano,11.95194444,8.54027778,5.707755867640177,0.2497,45.0612,55.4098,26.7308,609.396476661839,35.0,291.0,1.1108600000000002,0.40795600417299804,1779.5289200256143,1516.0,0.0,0.25024858,0,Critical - Humanitarian Emergency,Critical
Karaye,Kano,11.78333333,8.01666667,0.016689614386394106,0.2497,45.0612,55.4098,26.7308,609.3964766618391,30.0,291.0,2.23562,0.5002993722401815,2314.722604261739,212.0,0.0,0.24935775,0,Critical - Humanitarian Emergency,Critical
Kibiya,Kano,11.53333333,8.66666667,0.0,0.2497,45.0612,55.4098,26.7308,609.396476661839,30.0,291.0,2.4565,0.49405286944059473,2061.829124474506,13.0,0.0,0.24768114,0,Critical - Humanitarian Emergency,Critical
Kiru,Kano,11.7,8.13333333,0.020323942291390232,0.2497,45.0612,55.4098,26.7308,609.3964766618391,40.0,291.0,2.23562,0.5490925064041297,2428.5768748200226,453.0,0.0,0.24994658,0,Critical - Humanitarian Emergency,Critical
Kunchi,Kano,12.50138889,8.27166667,0.005795855150855634,0.2497,45.0612,55.4098,26.7308,609.3964766618391,37.0,291.0,2.4565,0.4893578602894433,2099.78244303484,31.0,0.0,0.2505659,0,Critical - Humanitarian Emergency,Critical
Kura,Kano,11.77138889,8.43027778,0.075810422655195,0.2497,45.0612,55.4098,26.7308,609.396476661839,32.0,291.0,2.23562,0.5240586862686906,2147.8035711688813,403.0,0.0,0.24979071,0,Critical - Humanitarian Emergency,Critical
Madobi,Kano,11.77722222,8.28833333,0.06224788775905333,0.2497,45.0612,55.4098,26.7308,609.396476661839,26.0,291.0,2.4565,0.49438183772107014,2105.5681742085762,27.0,0.0,0.25063267,0,Critical - Humanitarian Emergency,Critical
Makoda,Kano,12.41861111,8.4325,0.0059733290657861685,0.2497,45.0612,55.4098,26.7308,609.3964766618391,32.0,291.0,2.4565,0.5719356946194208,2519.039741764566,41.0,0.0,0.24950129,0,Critical - Humanitarian Emergency,Critical
Minjibir,Kano,12.17833333,8.65916667,0.009993472934313206,0.2497,45.0612,55.4098,26.7308,609.3964766618391,31.0,291.0,2.4565,0.5263627402307376,2309.919580275839,93.0,0.0,0.24971259,0,Critical - Humanitarian Emergency,Critical
Nasarawa,Kano,8.53333333,8.3,0.005859366420955034,0.2497,45.0612,55.4098,26.7308,609.396476661839,232.0,291.0,1.2110600000000002,0.5345464435894357,1713.3667193648223,2528.0,0.0,0.25201207,0,Critical - Humanitarian Emergency,Critical
Rano,Kano,11.55722222,8.58333333,0.025628396202708237,0.2497,45.0612,55.4098,26.7308,609.396476661839,23.0,291.0,2.4565,0.49405286944059473,2061.829124474506,0.0,0.0,0.24364504,0,Critical - Humanitarian Emergency,Critical
Rimin Gado,Kano,11.965,8.25,0.017417766776379778,0.2497,45.0612,55.4098,26.7308,609.3964766618391,28.0,291.0,2.23562,0.5819191068858749,1848.6775259836083,303.0,0.0,0.24983877,0,Critical - Humanitarian Emergency,Critical
Rogo,Kano,11.56666667,7.83333333,0.009140943136451253,0.2497,45.0612,55.4098,26.7308,609.3964766618391,33.0,291.0,2.4565,0.49527092724111677,2170.1435715124085,113.0,0.0,0.24973488,0,Critical - Humanitarian Emergency,Critical
Shanono,Kano,12.05,7.98333333,0.001773080597739045,0.2497,45.0612,55.4098,26.7308,609.3964766618391,32.0,291.0,2.4565,0.5125434946463256,2576.2425686742813,55.0,0.0,0.25016114,0,Critical - Humanitarian Emergency,Critical
Sumaila,Kano,11.53333333,8.96666667,0.005354581511862971,0.2497,45.0612,55.4098,26.7308,609.396476661839,51.0,291.0,2.4565,0.49700985735920133,2177.8722447452633,155.0,0.0,0.24984898,0,Critical - Humanitarian Emergency,Critical
Takai,Kano,11.4853125,9.156044842198048,0.020825216883704777,0.2497,45.0612,55.4098,26.7308,609.3964766618391,39.0,291.0,2.23562,0.420333066126143,2342.9100386698046,358.0,0.0,0.24943405,0,Critical - Humanitarian Emergency,Critical
Tarauni,Kano,11.96666667,8.56666667,6.517024348763859,0.2497,45.0612,55.4098,26.7308,609.3964766618391,50.0,291.0,1.1108600000000002,0.40795600417299804,1779.5289200256143,1497.0,0.0,0.25024858,0,Critical - Humanitarian Emergency,Critical
Tofa,Kano,12.05,8.26666667,0.1577387023811524,0.2497,45.0612,55.4098,26.7308,609.3964766618391,35.0,291.0,2.23562,0.5463580323948822,2643.8145907072358,221.0,0.0,0.24954037,0,Critical - Humanitarian Emergency,Critical
Tsanyawa,Kano,12.3,7.98333333,0.004697746844587054,0.2497,45.0612,55.4098,26.7308,609.396476661839,31.0,291.0,2.4565,0.5263627402307376,2309.919580275839,77.0,0.0,0.24979642,0,Critical - Humanitarian Emergency,Critical
Tudun Wada,Kano,11.25,8.4,0.004275926421538182,0.2497,45.0612,55.4098,26.7308,609.3964766618391,36.0,291.0,2.4565,0.40525766526688434,1341.6144118721945,23.0,0.0,0.2492111,0,Critical - Humanitarian Emergency,Critical
Ungogo,Kano,12.09055556,8.49666667,0.570869183583938,0.2497,45.0612,55.4098,26.7308,609.396476661839,66.0,291.0,0.87422,0.5015766001203079,2016.144614946753,559.0,0.0,0.2502163,0,Critical - Humanitarian Emergency,Critical
Warawa,Kano,11.88333333,8.68333333,0.11224544378907632,0.2497,45.0612,55.4098,26.7308,609.396476661839,21.0,291.0,2.23562,0.40525766526688434,1341.6144118721945,367.0,0.0,0.24938443,0,Critical - Humanitarian Emergency,Critical
Wudil,Kano,11.81666667,8.85,0.0592643591379508,0.2497,45.0612,55.4098,26.7308,609.396476661839,30.0,291.0,1.1108600000000002,0.40795600417299804,1779.5289200256143,1446.0,0.0,0.2508906,0,Critical - Humanitarian Emergency,Critical
kumbotso,Kano,11.88805556,8.50277778,2.6438428309685427,0.2497,45.0612,55.4098,26.7308,609.396476661839,0.0,291.0,2.4565,0.5237744179959387,2124.9560114600686,0.0,0.0,0.09628107,0,Critical - Humanitarian Emergency,Critical
Bakori,Katsina,11.55,7.43333333,0.02229382749718268,0.3331,61.1319,54.4864,35.1948,427.9159044380839,104.0,205.0,1.3521,0.45398157155487634,1719.104549586997,4709.0,0.0,0.33277538,0,Critical - Humanitarian Emergency,Critical
Batagarawa,Katsina,12.9,7.61666667,0.13055320073242616,0.3331,61.1319,54.4864,35.1948,427.9159044380839,87.0,205.0,1.3521,0.540754541705308,2133.0064628291825,10593.0,0.0,0.3330436,0,Critical - Humanitarian Emergency,Critical
Batsari,Katsina,12.75277778,7.24194444,0.0019840770389424867,0.3331,61.1319,54.4864,35.1948,427.9159044380839,89.0,205.0,1.3521,0.48946272388970036,1959.1817568156032,29181.0,0.0,0.3333019,0,Critical - Humanitarian Emergency,Critical
Baure,Katsina,12.78333333,8.76666667,0.006743357391605357,0.3331,61.1319,54.4864,35.1948,427.91590443808394,64.0,205.0,1.3521,0.5321084635171053,2615.6203351949,5055.0,0.0,0.3330206,0,Critical - Humanitarian Emergency,Critical
Bindawa,Katsina,12.71666667,7.83333333,0.004700193742711674,0.3331,61.1319,54.4864,35.1948,427.91590443808394,77.0,205.0,1.3521,0.38104984269104525,1728.1242735750136,1865.0,0.0,0.3327273,0,Critical - Humanitarian Emergency,Critical
Charanchi,Katsina,12.675,7.7275,0.010383056116073066,0.3331,61.1319,54.4864,35.1948,427.91590443808394,80.0,205.0,1.3521,0.3421395041408906,2626.689665090367,5153.0,0.0,0.33280438,0,Critical - Humanitarian Emergency,Critical
Dan Musa,Katsina,12.26388889,7.33388889,0.0009813632570510157,0.3331,61.1319,54.4864,35.1948,427.91590443808394,58.0,205.0,1.3521,0.37956794274541733,1330.7798858501633,6854.0,0.0,0.3333572,0,Critical - Humanitarian Emergency,Critical
DanDume,Katsina,11.41666667,7.2,0.014474157333223697,0.3331,61.1319,54.4864,35.1948,427.9159044380839,0.0,205.0,1.3521,0.2774348220104857,3284.4969886229796,0.0,0.0,0.33080596,0,Critical - Humanitarian Emergency,Critical
Danja,Katsina,11.38333333,7.56666667,0.006069454824398432,0.3331,61.1319,54.4864,35.1948,427.91590443808394,63.0,205.0,1.3521,0.38104984269104525,1728.1242735750136,1821.0,0.0,0.33309913,0,Critical - Humanitarian Emergency,Critical
Daura,Katsina,13.03638889,8.31777778,0.21768164161373588,0.3331,61.1319,54.4864,35.1948,427.91590443808394,39.0,205.0,1.3521,0.392460546672306,2034.566516061525,1163.0,0.0,0.33168048,0,Critical - Humanitarian Emergency,Critical
Dutsi,Katsina,12.82527778,8.14277778,0.009297501059518008,0.3331,61.1319,54.4864,35.1948,427.9159044380839,53.0,205.0,1.3521,0.40795600417299804,1779.5289200256143,1522.0,0.0,0.33313087,0,Critical - Humanitarian Emergency,Critical
Dutsin-Ma,Katsina,12.455,7.49138889,0.004200711029313554,0.3331,61.1319,54.4864,35.1948,427.9159044380839,64.0,205.0,1.3521,0.4662292560735587,1884.1683661215554,5657.0,0.0,0.33311468,0,Critical - Humanitarian Emergency,Critical
Faskari,Katsina,11.71666667,7.03333333,0.004335892099357874,0.3331,61.1319,54.4864,35.1948,427.91590443808394,60.0,205.0,1.3521,0.4262910687067622,1692.804681726587,14602.0,0.0,0.3328463,0,Critical - Humanitarian Emergency,Critical
Funtua,Katsina,11.53333333,7.31666667,0.11097115063423271,0.3331,61.1319,54.4864,35.1948,427.915904438084,71.0,205.0,1.3521,0.5346090662228834,1863.8725052650618,22229.0,0.0,0.3324681,0,Critical - Humanitarian Emergency,Critical
Ingawa,Katsina,12.63972222,8.05027778,0.007134714455363325,0.3331,61.1319,54.4864,35.1948,427.91590443808394,65.0,205.0,1.3521,0.40516770544777536,2137.7842175198107,218.0,0.0,0.33041003,0,Critical - Humanitarian Emergency,Critical
Jibia,Katsina,13.09166667,7.22638889,0.004447478459101833,0.3331,61.1319,54.4864,35.1948,427.91590443808394,60.0,205.0,1.3521,0.4495735211157081,2074.864411485136,14943.0,0.0,0.33321056,0,Critical - Humanitarian Emergency,Critical
Kafur,Katsina,11.65,7.7,0.0009374270038471997,0.3331,61.1319,54.4864,35.1948,427.91590443808394,81.0,205.0,1.3521,0.4221573421273354,1813.9876677649409,5765.0,0.0,0.33296096,0,Critical - Humanitarian Emergency,Critical
Kaita,Katsina,13.08055556,7.75388889,0.013180437642937566,0.3331,61.1319,54.4864,35.1948,427.9159044380839,57.0,205.0,1.3521,0.48498306262073043,1986.9730576749298,2698.0,0.0,0.33340797,0,Critical - Humanitarian Emergency,Critical
Kankara,Katsina,11.930319,7.412649,0.005276017728176984,0.3331,61.1319,54.4864,35.1948,427.915904438084,105.0,205.0,1.3521,0.4457533964689186,1998.6278841112758,13086.0,0.0,0.33290228,0,Critical - Humanitarian Emergency,Critical
Kankia,Katsina,12.46666667,7.8,0.015184991970014425,0.3331,61.1319,54.4864,35.1948,427.91590443808394,68.0,205.0,1.3521,0.43090774424501127,2051.164081274186,2204.0,0.0,0.33332163,0,Critical - Humanitarian Emergency,Critical
Katsina,Katsina,12.98888889,7.60083333,1.8532556408313732,0.3331,61.1319,54.4864,35.1948,427.91590443808394,86.0,205.0,1.3521,0.4295211922853956,1481.0106699489543,15238.0,0.0,0.33184674,0,Critical - Humanitarian Emergency,Critical
Kurfi,Katsina,12.66611111,7.48305556,0.006946429599940158,0.3331,61.1319,54.4864,35.1948,427.91590443808394,59.0,205.0,1.3521,0.5394499029240453,1856.9714361945742,3147.0,0.0,0.33330014,0,Critical - Humanitarian Emergency,Critical
Kusada,Katsina,12.46666667,7.98333333,0.004251299874189703,0.3331,61.1319,54.4864,35.1948,427.9159044380839,49.0,205.0,1.3521,0.39639451936099557,1418.6100744565013,987.0,0.0,0.3330409,0,Critical - Humanitarian Emergency,Critical
Mai'Adua,Katsina,13.19055556,8.21166667,0.02968448897606635,0.3331,61.1319,54.4864,35.1948,427.9159044380839,66.0,205.0,1.3521,0.5067322210463151,2011.6583203520604,5049.0,0.0,0.33327666,0,Critical - Humanitarian Emergency,Critical
Malumfashi,Katsina,11.8,7.61666667,0.01925208489614221,0.3331,61.1319,54.4864,35.1948,427.91590443808394,82.0,205.0,1.3521,0.45398157155487623,1719.104549586997,4625.0,0.0,0.3328517,0,Critical - Humanitarian Emergency,Critical
Mani,Katsina,12.85611111,7.87444444,0.008385812310229092,0.3331,61.1319,54.4864,35.1948,427.91590443808394,69.0,205.0,1.3521,0.4517889553318674,1973.945328786159,3808.0,0.0,0.3329753,0,Critical - Humanitarian Emergency,Critical
Mashi,Katsina,13.1,8.0,0.004233132344540034,0.3331,61.1319,54.4864,35.1948,427.91590443808394,64.0,205.0,1.3521,0.5406862646444723,1945.7318816032064,3224.0,0.0,0.3333776,0,Critical - Humanitarian Emergency,Critical
Matazu,Katsina,12.2333,7.66667,0.004363988310206628,0.3331,61.1319,54.4864,35.1948,427.9159044380839,58.0,205.0,1.3521,0.5108145698427383,2042.6696044311675,10617.0,0.0,0.33163923,0,Critical - Humanitarian Emergency,Critical
Musawa,Katsina,12.12944444,7.66888889,0.006758551093412556,0.3331,61.1319,54.4864,35.1948,427.91590443808394,80.0,205.0,1.3521,0.3538122483085998,1471.147218926468,6779.0,0.0,0.33299235,0,Critical - Humanitarian Emergency,Critical
Rimi,Katsina,12.85,7.71555556,0.015368900656217505,0.3331,61.1319,54.4864,35.1948,427.91590443808394,70.0,205.0,1.3521,0.5108145698427383,2042.6696044311675,3452.0,0.0,0.33309317,0,Critical - Humanitarian Emergency,Critical
Sabuwa,Katsina,11.3,7.11666667,0.00017153769994328682,0.3331,61.1319,54.4864,35.1948,427.91590443808394,54.0,205.0,1.3521,0.4959422351742724,1727.8577654594333,3327.0,0.0,0.33341125,0,Critical - Humanitarian Emergency,Critical
Safana,Katsina,12.5,7.23333333,0.0009640635665418324,0.3331,61.1319,54.4864,35.1948,427.9159044380839,57.0,205.0,1.3521,0.4984770012434823,1965.676735981005,5302.0,0.0,0.33367684,0,Critical - Humanitarian Emergency,Critical
Sandamu,Katsina,12.93333333,8.36666667,0.01348123175126535,0.3331,61.1319,54.4864,35.1948,427.9159044380839,49.0,205.0,1.3521,0.35551234832467593,1440.1477146330133,1933.0,0.0,0.3331886,0,Critical - Humanitarian Emergency,Critical
Zango,Katsina,12.93333333,8.53333333,0.02084889256826011,0.3331,61.1319,54.4864,35.1948,427.9159044380839,42.0,205.0,1.3521,0.3113327828699037,864.0350503458249,6941.0,0.0,0.3339872,0,Critical - Humanitarian Emergency,Critical
Aliero,Kebbi,12.29654,4.42793,0.012775239456461132,0.4373,73.7863,59.2602,52.7493,202.4481680103538,0.0,0.0,1.5484,0.5318615546532861,1576.0241378474625,0.0,0.0,0.43699908,0,Critical - Humanitarian Emergency,Critical
Arewa Dandi,Kebbi,12.688388,4.074184,0.00013175671062772237,0.4373,73.7863,59.2602,52.7493,202.44816801035378,0.0,0.0,1.5484,0.5015095533347553,1551.0099631359155,0.0,0.0,0.43609503,0,Critical - Humanitarian Emergency,Critical
Argungu,Kebbi,12.73333333,4.51666667,0.03568008123397567,0.4373,73.7863,59.2602,52.7493,202.4481680103538,59.0,0.0,1.5484,0.47081354873512726,1687.4889927294942,0.0,0.0,0.43749374,0,Critical - Humanitarian Emergency,Critical
Augie,Kebbi,12.88333333,4.6,0.0135420096414673,0.4373,73.7863,59.2602,52.7493,202.44816801035378,50.0,0.0,1.5484,0.4080709232181282,2139.8896604094757,0.0,0.0,0.42923984,0,Critical - Humanitarian Emergency,Critical
Bagudo,Kebbi,11.400095,4.225767,0.008615194634604457,0.4373,73.7863,59.2602,52.7493,202.4481680103538,63.0,0.0,1.5484,0.47224884094432873,1659.903720478132,0.0,0.0,0.43743014,0,Critical - Humanitarian Emergency,Critical
Birnin Kebbi,Kebbi,12.45361111,4.20027778,0.20187224703323509,0.4373,73.7863,59.2602,52.7493,202.44816801035384,91.0,0.0,1.5484,0.5050267455662542,1755.693398641497,0.0,0.0,0.43577352,0,Critical - Humanitarian Emergency,Critical
Bunza,Kebbi,12.0916,4.0108,0.001604953844064069,0.4373,73.7863,59.2602,52.7493,202.4481680103538,46.0,0.0,1.5484,0.4862678800687797,1712.427352726759,0.0,0.0,0.43728507,0,Critical - Humanitarian Emergency,Critical
Dandi,Kebbi,12.68333333,8.66666667,0.004153519706809182,0.4373,73.7863,59.2602,52.7493,202.44816801035378,40.0,0.0,1.5484,0.4682567844121221,1716.0571883083894,0.0,0.0,0.43752924,0,Critical - Humanitarian Emergency,Critical
Danko-Wasagu,Kebbi,11.395688,5.485568,0.012775239456461132,0.4373,73.7863,59.2602,52.7493,202.4481680103538,0.0,0.0,1.5484,0.5318615546532861,1576.0241378474625,0.0,0.0,0.43699908,0,Critical - Humanitarian Emergency,Critical
Fakai,Kebbi,11.547523,4.96493,0.0,0.4373,73.7863,59.2602,52.7493,202.4481680103538,61.0,0.0,1.5484,0.550897394397181,1683.939616231362,0.0,0.0,0.43386543,0,Critical - Humanitarian Emergency,Critical
Gwandu,Kebbi,12.50222222,4.6425,0.006287387913788318,0.4373,73.7863,59.2602,52.7493,202.4481680103538,60.0,0.0,1.5484,0.47081354873512726,1687.4889927294942,0.0,0.0,0.43755516,0,Critical - Humanitarian Emergency,Critical
Jega,Kebbi,12.3667,4.6333,0.01908296123179084,0.4373,73.7863,59.2602,52.7493,202.4481680103538,56.0,0.0,1.5484,0.4838761847804297,1819.1633256484063,0.0,0.0,0.43752083,0,Critical - Humanitarian Emergency,Critical
Kalgo,Kebbi,12.33257,4.20035,0.012683918497992986,0.4373,73.7863,59.2602,52.7493,202.44816801035378,45.0,0.0,1.5484,0.4862678800687797,1712.427352726759,0.0,0.0,0.43751836,0,Critical - Humanitarian Emergency,Critical
Koko/Besse,Kebbi,11.45855,4.43782,0.011218108204557469,0.4373,73.7863,59.2602,52.7493,202.4481680103538,49.0,0.0,1.5484,0.5391559844896131,1374.550114005356,0.0,0.0,0.43731523,0,Critical - Humanitarian Emergency,Critical
Maiyama,Kebbi,11.99054,4.35394,0.0016773339199795618,0.4373,73.7863,59.2602,52.7493,202.44816801035378,51.0,0.0,1.5484,0.46846526675361366,1625.6110922842931,0.0,0.0,0.4372457,0,Critical - Humanitarian Emergency,Critical
Ngaski,Kebbi,10.40709,4.71781,0.001108504025258297,0.4373,73.7863,59.2602,52.7493,202.44816801035378,58.0,0.0,1.5484,0.37924371783629207,1281.97588609606,0.0,0.0,0.43717697,0,Critical - Humanitarian Emergency,Critical
Sakaba,Kebbi,11.065401,5.596032,0.0,0.4373,73.7863,59.2602,52.7493,202.44816801035378,65.0,0.0,1.5484,0.47081354873512726,1687.4889927294942,0.0,0.0,0.4371997,0,Critical - Humanitarian Emergency,Critical
Shanga,Kebbi,11.1958,4.5675,5.469599966812296e-05,0.4373,73.7863,59.2602,52.7493,202.4481680103538,49.0,0.0,1.5484,0.5319795234436054,1512.4764752621675,0.0,0.0,0.4371027,0,Critical - Humanitarian Emergency,Critical
Suru,Kebbi,11.83,4.096667,0.0011506399515951531,0.4373,73.7863,59.2602,52.7493,202.4481680103538,69.0,0.0,1.5484,0.47081354873512726,1687.4889927294942,0.0,0.0,0.43516785,0,Critical - Humanitarian Emergency,Critical
Yauri,Kebbi,11.395688,5.485568,0.045302048522811694,0.4373,73.7863,59.2602,52.7493,202.44816801035378,29.0,0.0,1.5484,0.6184059275863343,1726.0269485254832,0.0,0.0,0.4371919,0,Critical - Humanitarian Emergency,Critical
Zuru,Kebbi,11.435,5.235,0.0044442535267750684,0.4373,73.7863,59.2602,52.7493,202.4481680103538,52.0,0.0,1.5484,0.46846526675361366,1625.6110922842931,0.0,0.0,0.43757126,0,Critical - Humanitarian Emergency,Critical
Adavi,Kogi,7.66666667,6.45,0.08472605676215608,0.0638,14.0219,45.4947,5.6812,154.57852612159408,67.0,200.0,1.50754,0.4445826213391174,2124.843867530425,0.0,0.0,0.06364479,1,High Risk - Severe Poverty,High
Ajaokuta,Kogi,7.55611111,6.655,0.08559515762911249,0.0638,14.0219,45.4947,5.6812,154.57852612159408,59.0,200.0,0.9220200000000001,0.4027464519705811,1491.3735844686028,2200.0,0.0,0.06443757,1,High Risk - Severe Poverty,High
Ankpa,Kogi,7.43333333,7.63333333,0.011875638537745628,0.0638,14.0219,45.4947,5.6812,154.57852612159408,99.0,200.0,1.50754,0.5106809494530604,2380.298705092724,0.0,0.0,0.063310266,1,High Risk - Severe Poverty,High
Bassa,Kogi,7.9,7.05,0.0015820345082965253,0.0638,14.0219,45.4947,5.6812,154.57852612159405,191.0,200.0,0.72848,0.4379215697309543,1507.266962448624,926.0,0.0,0.064075485,1,High Risk - Severe Poverty,High
Dekina,Kogi,7.58333333,7.2,0.0022712528348589936,0.0638,14.0219,45.4947,5.6812,154.57852612159408,173.0,200.0,1.42582,0.5139092132401358,1898.417228612751,22.0,0.0,0.06456045,1,High Risk - Severe Poverty,High
Ibaji,Kogi,6.86666667,6.8,0.0,0.0638,14.0219,45.4947,5.6812,154.57852612159408,98.0,200.0,1.5484,0.5079890661950837,1966.507611782475,0.0,0.0,0.06390459,1,High Risk - Severe Poverty,High
Idah,Kogi,7.08333333,6.75,0.004142284062173631,0.0638,14.0219,45.4947,5.6812,154.57852612159408,72.0,200.0,1.2314800000000001,0.45617631900342004,2345.32283985838,1731.0,0.0,0.06545477,1,High Risk - Severe Poverty,High
Igalamela Odolu,Kogi,7.08333333,7.08333333,0.009593138084581631,0.0638,14.0219,45.4947,5.6812,154.57852612159405,0.0,200.0,1.5484,0.5485666205617885,1849.669937489985,0.0,0.0,0.06574694,1,High Risk - Severe Poverty,High
Ijumu,Kogi,7.85,5.96666667,0.013285037133035468,0.0638,14.0219,45.4947,5.6812,154.57852612159408,54.0,200.0,1.50754,0.5737521606229357,1969.9327287575481,0.0,0.0,0.06365424,1,High Risk - Severe Poverty,High
Kabba/Bunu,Kogi,8.11666667,6.15,0.008709046980252561,0.0638,14.0219,45.4947,5.6812,154.57852612159408,63.0,200.0,1.5484,0.5172815045478139,1816.5084105779551,0.0,0.0,0.06393454,1,High Risk - Severe Poverty,High
Kogi,Kogi,7.5,6.7,0.021028910154086474,0.0638,14.0219,45.4947,5.6812,154.57852612159408,91.0,200.0,1.32724,0.5305628224503395,1548.183313998002,207.0,0.0,0.06672899,1,High Risk - Severe Poverty,High
Lokoja,Kogi,7.80194444,6.74416667,0.06216905318730482,0.0638,14.0219,45.4947,5.6812,154.57852612159408,112.0,200.0,0.73158,0.4748478540529115,2144.878641706412,372.0,0.0,0.06998561,1,High Risk - Severe Poverty,High
Mopa-Muro,Kogi,8.09722222,5.89583333,0.000123712531505869,0.0638,14.0219,45.4947,5.6812,154.57852612159408,36.0,200.0,1.5484,0.557143141216712,1630.3026990701258,0.0,0.0,0.06380297,1,High Risk - Severe Poverty,High
Ofu,Kogi,7.33333333,7.08333333,0.00428128192404739,0.0638,14.0219,45.4947,5.6812,154.57852612159408,95.0,200.0,0.7041999999999999,0.4316969509183347,1811.314069320047,518.0,0.0,0.063931584,1,High Risk - Severe Poverty,High
Ogori/Magongo,Kogi,7.483333,6.216667,0.0037751340043955836,0.0638,14.0219,45.4947,5.6812,154.57852612159405,0.0,200.0,1.5484,0.5375241716559036,1799.5816086142092,0.0,0.0,0.07376893,1,High Risk - Severe Poverty,High
Okehi,Kogi,7.7,6.3,0.02536108050626867,0.0638,14.0219,45.4947,5.6812,154.57852612159408,44.0,200.0,1.5484,0.5172815045478139,1816.5084105779551,0.0,0.0,0.06283121,1,High Risk - Severe Poverty,High
Okene,Kogi,7.55,6.23333333,0.348737036133254,0.0638,14.0219,45.4947,5.6812,154.57852612159408,69.0,200.0,1.50754,0.38109859158603065,1633.7739740540599,0.0,0.0,0.066028394,1,High Risk - Severe Poverty,High
Olamaboro,Kogi,7.18333,7.56667,0.0038863560795783995,0.0638,14.0219,45.4947,5.6812,154.57852612159408,111.0,200.0,1.46668,0.5079890661950837,1966.507611782475,0.0,0.0,0.06373655,1,High Risk - Severe Poverty,High
Omala,Kogi,7.81666667,7.51666667,0.0007167496834972058,0.0638,14.0219,45.4947,5.6812,154.57852612159408,57.0,200.0,0.7268800000000001,0.5952146936368129,1570.0825830375863,586.0,0.0,0.0637324,1,High Risk - Severe Poverty,High
Yagba East,Kogi,8.16666667,5.7,0.0018357945740440829,0.0638,14.0219,45.4947,5.6812,154.57852612159408,64.0,200.0,1.5484,0.5172815045478139,1816.5084105779551,0.0,0.0,0.06398111,1,High Risk - Severe Poverty,High
Yagba West,Kogi,8.25,5.55,0.005420726247702573,0.0638,14.0219,45.4947,5.6812,154.57852612159408,47.0,200.0,1.50754,0.6298310079742737,1723.6887834776164,0.0,0.0,0.06358434,1,High Risk - Severe Poverty,High
Asa,Kwara,8.324804,4.533673,0.011364696320103604,0.0962,20.156,47.7497,8.1368,105.69713665058384,70.0,302.0,1.17728,0.5420325450372246,1732.6952293853035,0.0,0.0,0.09648264,1,High Risk - Severe Poverty,High
Baruten,Kwara,9.58333333,3.25,0.00031968570732247056,0.0962,20.156,47.7497,8.1368,105.69713665058386,108.0,302.0,1.3441,0.4173894541674187,1614.191921166544,0.0,0.0,0.09828601,1,High Risk - Severe Poverty,High
Edu,Kwara,8.841903,5.399178,0.008623921637793621,0.0962,20.156,47.7497,8.1368,105.69713665058386,78.0,302.0,1.17728,0.50680918997904,1702.303854426745,0.0,0.0,0.09637638,1,High Risk - Severe Poverty,High
Ekiti,Kwara,8.139435,5.32809,0.008966443432972966,0.0962,20.156,47.7497,8.1368,105.69713665058386,27.0,302.0,1.3441,0.42079588542312024,1643.137833306049,0.0,0.0,0.09851266,1,High Risk - Severe Poverty,High
Ifelodun,Kwara,8.820023,4.967322,0.011184312829100745,0.0962,20.156,47.7497,8.1368,105.69713665058387,169.0,302.0,1.3441,0.4994055837181467,1756.3145342040436,0.0,0.0,0.095734075,1,High Risk - Severe Poverty,High
Ilorin East,Kwara,8.573234,4.703608,0.07261515071245915,0.0962,20.156,47.7497,8.1368,105.69713665058387,80.0,302.0,1.3441,0.5202522987455853,1715.3580529927024,0.0,0.0,0.095638394,1,High Risk - Severe Poverty,High
Ilorin South,Kwara,8.498688,4.562779,0.3897705949455887,0.0962,20.156,47.7497,8.1368,105.69713665058386,88.0,302.0,1.17728,0.50680918997904,1702.303854426745,0.0,0.0,0.09637377,1,High Risk - Severe Poverty,High
Ilorin West,Kwara,8.480048,4.614006,1.3241794508746547,0.0962,20.156,47.7497,8.1368,105.69713665058387,74.0,302.0,1.3441,0.3975085227742235,1613.7634566229483,0.0,0.0,0.096037544,1,High Risk - Severe Poverty,High
Irepodun,Kwara,8.487457,4.527301,0.03223625204205576,0.0962,20.156,47.7497,8.1368,105.69713665058386,107.0,302.0,1.3441,0.5068091899790401,1702.303854426745,0.0,0.0,0.09558588,1,High Risk - Severe Poverty,High
Isin,Kwara,8.2579064,5.038849070678933,0.0035322608503562166,0.0962,20.156,47.7497,8.1368,105.69713665058387,35.0,302.0,1.3441,0.5935062294583411,1766.1487959593385,0.0,0.0,0.09594004,1,High Risk - Severe Poverty,High
Kaiama,Kwara,9.605193,3.941946,0.0026959129003270694,0.0962,20.156,47.7497,8.1368,105.69713665058387,69.0,302.0,1.17728,0.5420325450372246,1732.6952293853035,0.0,0.0,0.096374325,1,High Risk - Severe Poverty,High
Moro,Kwara,8.845,4.556667,0.013805671989917756,0.0962,20.156,47.7497,8.1368,105.69713665058386,79.0,302.0,1.3441,0.5846317782254472,1765.606200494745,0.0,0.0,0.09596087,1,High Risk - Severe Poverty,High
Offa,Kwara,8.147,4.72,0.48760872071491923,0.0962,20.156,47.7497,8.1368,105.69713665058386,64.0,302.0,1.17728,0.5420325450372246,1732.6952293853035,0.0,0.0,0.096162654,1,High Risk - Severe Poverty,High
Oke-Ero,Kwara,8.088888,5.144659,0.1092275926539672,0.0962,20.156,47.7497,8.1368,105.69713665058387,32.0,302.0,1.3441,0.524506255763175,1673.7300112748014,0.0,0.0,0.09557131,1,High Risk - Severe Poverty,High
Oyun,Kwara,8.16827,4.65212,0.03550218990151311,0.0962,20.156,47.7497,8.1368,105.69713665058387,43.0,302.0,1.17728,0.5101161578802771,1699.8759476039843,0.0,0.0,0.09622108,1,High Risk - Severe Poverty,High
Pategi,Kwara,8.73333333,5.75,0.0002844659697816328,0.0962,20.156,47.7497,8.1368,105.69713665058387,53.0,302.0,1.3441,0.6142638959825257,1802.599640856784,0.0,0.0,0.095960446,1,High Risk - Severe Poverty,High
Agege,Lagos,6.62194444,3.32583333,6.628234826601469,0.0044,1.1054,39.4491,0.2073,3084.979947173433,93.0,770.0,2.0734,0.5780796014159828,1843.3257148714583,0.0,0.0,0.0046166885,1,High Risk - Severe Poverty,High
Ajeromi-Ifelodun,Lagos,6.4448,3.3339,5.26807922800612,0.0044,1.1054,39.4491,0.2073,3084.9799471734327,0.0,770.0,2.0734,0.5816063916388294,1779.8518543333723,0.0,0.0,0.004057791,1,High Risk - Severe Poverty,High
Alimosho,Lagos,6.61055556,3.29583333,4.786196911562871,0.0044,1.1054,39.4491,0.2073,3084.9799471734327,320.0,770.0,2.0734,0.523427939776379,1849.177672291634,0.0,0.0,0.004618065,1,High Risk - Severe Poverty,High
Amuwo-Odofin,Lagos,6.45,3.266667,5.26807922800612,0.0044,1.1054,39.4491,0.2073,3084.9799471734327,0.0,770.0,2.0734,0.38109859158603065,1633.7739740540599,0.0,0.0,0.0045101745,1,High Risk - Severe Poverty,High
Apapa,Lagos,6.45,3.36666667,10.175344247666617,0.0044,1.1054,39.4491,0.2073,3084.9799471734327,56.0,770.0,2.0734,0.5011279180245236,1804.529464100712,0.0,0.0,0.0047076014,1,High Risk - Severe Poverty,High
Badagry,Lagos,6.41666667,2.88333333,0.524770148724444,0.0044,1.1054,39.4491,0.2073,3084.9799471734323,109.0,770.0,2.0734,0.5541148681211613,1740.5347789277012,0.0,0.0,0.004705945,1,High Risk - Severe Poverty,High
Epe,Lagos,6.58333333,3.98333333,0.3993705945778947,0.0044,1.1054,39.4491,0.2073,3084.9799471734327,50.0,770.0,2.0734,0.5066262227280572,1812.3928791818464,0.0,0.0,0.0054045077,1,High Risk - Severe Poverty,High
Eti-Osa,Lagos,6.437443,3.564588,6.444250603096724,0.0044,1.1054,39.4491,0.2073,3084.979947173433,137.0,770.0,2.0734,0.5811095739065264,1796.1472395217804,0.0,0.0,0.004566067,1,High Risk - Severe Poverty,High
Ibeju-Lekki,Lagos,6.416667,2.883333,6.980201636926621,0.0044,1.1054,39.4491,0.2073,3084.9799471734323,0.0,770.0,2.0734,0.5066262227280574,1812.3928791818464,0.0,0.0,0.0040589883,1,High Risk - Severe Poverty,High
Ifako-Ijaiye,Lagos,6.68472222,3.28888889,5.26807922800612,0.0044,1.1054,39.4491,0.2073,3084.9799471734327,0.0,770.0,2.0734,0.6267711831596696,1776.4385651963878,0.0,0.0,0.004057791,1,High Risk - Severe Poverty,High
Ikeja,Lagos,6.6,3.35,9.500803582581431,0.0044,1.1054,39.4491,0.2073,3084.9799471734323,194.0,770.0,2.0734,0.523427939776379,1849.1776722916343,0.0,0.0,0.004618065,1,High Risk - Severe Poverty,High
Ikorodu,Lagos,6.6,3.5,3.4811382338226133,0.0044,1.1054,39.4491,0.2073,3084.9799471734327,270.0,770.0,2.0734,0.5286926330319642,2092.102528623755,0.0,0.0,0.0037138613,1,High Risk - Severe Poverty,High
Kosofe,Lagos,6.556879,3.384174,6.187780828755579,0.0044,1.1054,39.4491,0.2073,3084.9799471734327,182.0,770.0,2.0734,0.523427939776379,1849.177672291634,0.0,0.0,0.004618065,1,High Risk - Severe Poverty,High
Lagos Island,Lagos,6.45,3.4,9.08538219332695,0.0044,1.1054,39.4491,0.2073,3084.9799471734327,74.0,770.0,2.0734,0.6016304847425752,2097.685392362926,0.0,0.0,0.0039859493,1,High Risk - Severe Poverty,High
Lagos Mainland,Lagos,6.504937,3.386503,8.612676322460175,0.0044,1.1054,39.4491,0.2073,3084.9799471734327,98.0,770.0,2.0734,0.5780796014159828,1843.3257148714583,0.0,0.0,0.0046166885,1,High Risk - Severe Poverty,High
Mushin,Lagos,6.53333333,3.35,9.481488169564141,0.0044,1.1054,39.4491,0.2073,3084.9799471734323,150.0,770.0,2.0734,0.5267718971499813,1805.8225983484954,0.0,0.0,0.004618065,1,High Risk - Severe Poverty,High
Ojo,Lagos,6.46666667,3.18333333,1.3110728681022565,0.0044,1.1054,39.4491,0.2073,3084.9799471734327,161.0,770.0,2.0734,0.5380155101185011,1850.2942450394683,0.0,0.0,0.004605273,1,High Risk - Severe Poverty,High
Oshodi-Isolo,Lagos,6.511865,3.308021,5.26807922800612,0.0044,1.1054,39.4491,0.2073,3084.9799471734327,0.0,770.0,2.0734,0.34202446251318136,1774.2146099624856,0.0,0.0,0.004556895,1,High Risk - Severe Poverty,High
Somolu,Lagos,6.540833,3.387222,6.980201636926621,0.0044,1.1054,39.4491,0.2073,3084.9799471734327,0.0,770.0,2.0734,0.5066262227280574,1812.3928791818464,0.0,0.0,0.0040589883,1,High Risk - Severe Poverty,High
Surulere,Lagos,6.5,3.35,7.855946821825845,0.0044,1.1054,39.4491,0.2073,3084.9799471734323,225.0,770.0,2.0734,0.42645072667226175,1811.281216036438,0.0,0.0,0.004640596,1,High Risk - Severe Poverty,High
Akwanga,Nasarawa,8.91666667,8.38333333,0.04679229108152395,0.1888,40.583,46.5126,15.7076,111.92174826724992,97.0,0.0,0.72848,0.4781136797904053,1504.483736814997,876.0,0.0,0.18854167,1,High Risk - Severe Poverty,High
Awe,Nasarawa,7.823611,3.95,0.0032971687719925108,0.1888,40.583,46.5126,15.7076,111.92174826724992,65.0,0.0,0.72848,0.4830416493857278,1585.1601923252463,883.0,0.0,0.18949156,1,High Risk - Severe Poverty,High
Doma,Nasarawa,8.396241,8.35864,0.005184744406678823,0.1888,40.583,46.5126,15.7076,111.92174826724992,76.0,0.0,0.9016000000000002,0.4058894334517231,1548.9729580721528,2527.0,0.0,0.18914913,1,High Risk - Severe Poverty,High
Karu,Nasarawa,9.019231,7.613516,0.1632560356871091,0.1888,40.583,46.5126,15.7076,111.92174826724992,146.0,0.0,0.87422,0.49639121352308535,1719.1323732421367,6591.0,0.0,0.18912172,1,High Risk - Severe Poverty,High
Keana,Nasarawa,8.147346,8.800478,0.002881367765430913,0.1888,40.583,46.5126,15.7076,111.92174826724992,40.0,0.0,0.68068,0.5378751645574174,1671.1314345642477,752.0,0.0,0.1885864,1,High Risk - Severe Poverty,High
Keffi,Nasarawa,8.8464,7.8733,0.4676240267349636,0.1888,40.583,46.5126,15.7076,111.92174826724992,51.0,0.0,1.50754,0.5347385981678696,1518.0301237381252,257.0,0.0,0.18993786,1,High Risk - Severe Poverty,High
Kokona,Nasarawa,8.85,5.08333333,0.02026608303601563,0.1888,40.583,46.5126,15.7076,111.92174826724992,71.0,0.0,0.56006,0.5378751645574174,1671.1314345642472,677.0,0.0,0.18855596,1,High Risk - Severe Poverty,High
Lafia,Nasarawa,8.49166667,8.51666667,0.041778991338095255,0.1888,40.583,46.5126,15.7076,111.92174826724992,185.0,0.0,1.0197800000000001,0.5288141543257309,1482.3875019102732,3258.0,0.0,0.18887223,1,High Risk - Severe Poverty,High
Nasarawa,Nasarawa,8.53333333,8.3,0.008048550029642328,0.1888,40.583,46.5126,15.7076,111.92174826724994,232.0,0.0,0.9016000000000002,0.4058894334517231,1548.9729580721528,2528.0,0.0,0.18923013,1,High Risk - Severe Poverty,High
Nasarawa Egon,Nasarawa,8.741115,8.542192,0.014105464341819928,0.1888,40.583,46.5126,15.7076,111.92174826724994,0.0,0.0,1.5484,0.5686117173771502,1580.046058824595,0.0,0.0,0.4161421,1,High Risk - Severe Poverty,High
Obi,Nasarawa,7.0,8.25,0.007555697173360855,0.1888,40.583,46.5126,15.7076,111.92174826724992,122.0,0.0,0.78098,0.40606112253435434,1348.4979325656554,4217.0,0.0,0.18921447,1,High Risk - Severe Poverty,High
Toto,Nasarawa,8.388021,7.078199,0.00032207977631792554,0.1888,40.583,46.5126,15.7076,111.92174826724991,76.0,0.0,0.72848,0.6091333334786755,1892.796630338392,750.0,0.0,0.18887448,1,High Risk - Severe Poverty,High
Wamba,Nasarawa,8.93333333,8.6,0.0028035755116160555,0.1888,40.583,46.5126,15.7076,111.92174826724992,73.0,0.0,0.72848,0.4781136797904053,1504.483736814997,878.0,0.0,0.18875153,1,High Risk - Severe Poverty,High
Agaie,Niger,9.01666667,6.31666667,0.01423884708619989,0.2191,44.5601,49.1694,22.7942,95.32607759072684,76.0,0.0,1.5484,0.5755751129248853,1865.7925054714428,0.0,0.0,0.21941228,0,Critical - Humanitarian Emergency,Critical
Agwara,Niger,10.7,4.58333333,0.005137155921539958,0.2191,44.5601,49.1694,22.7942,95.32607759072685,45.0,0.0,1.5484,0.5057397839075664,1674.3367769215251,0.0,0.0,0.22074237,0,Critical - Humanitarian Emergency,Critical
Bida,Niger,9.08333333,6.01666667,0.20691383374588831,0.2191,44.5601,49.1694,22.7942,95.32607759072684,91.0,0.0,1.5484,0.4768743523124236,1559.1269295445084,0.0,0.0,0.21892777,0,Critical - Humanitarian Emergency,Critical
Borgu,Niger,11.0,3.5,0.011074790702032761,0.2191,44.5601,49.1694,22.7942,95.32607759072684,86.0,0.0,1.5484,0.51685947874391,1680.4364583608299,0.0,0.0,0.21899255,0,Critical - Humanitarian Emergency,Critical
Bosso,Niger,9.651457,6.526626,0.094749077871057,0.2191,44.5601,49.1694,22.7942,95.32607759072684,103.0,0.0,1.0197800000000001,0.5711696314799434,1889.6708223729581,3111.0,0.0,0.21887474,0,Critical - Humanitarian Emergency,Critical
Chanchaga,Niger,9.61388889,6.55694444,2.615523480124526,0.2191,44.5601,49.1694,22.7942,95.32607759072684,83.0,0.0,1.5484,0.512470674330696,1666.2408922331645,108.0,0.0,0.21935067,1,High Risk - Severe Poverty,High
Edati,Niger,9.05,5.65,0.001953253445505094,0.2191,44.5601,49.1694,22.7942,95.32607759072684,79.0,0.0,1.5484,0.5774363003097662,1499.2494612142928,0.0,0.0,0.21927117,0,Critical - Humanitarian Emergency,Critical
Gbako,Niger,9.26666667,5.98333333,0.005079217076140698,0.2191,44.5601,49.1694,22.7942,95.32607759072684,101.0,0.0,1.5484,0.4948942643150106,1570.619860657789,0.0,0.0,0.2189105,0,Critical - Humanitarian Emergency,Critical
Gurara,Niger,9.35,7.08333333,0.04527967651286385,0.2191,44.5601,49.1694,22.7942,95.32607759072684,90.0,0.0,1.5484,0.5541809920815789,1991.6552537612615,0.0,0.0,0.21930389,0,Critical - Humanitarian Emergency,Critical
Katcha,Niger,9.15,6.23333333,0.007455295937420643,0.2191,44.5601,49.1694,22.7942,95.32607759072684,93.0,0.0,1.5484,0.49489426431501055,1570.619860657789,0.0,0.0,0.21901838,0,Critical - Humanitarian Emergency,Critical
Kontagora,Niger,10.403,5.473,0.03410729080906809,0.2191,44.5601,49.1694,22.7942,95.32607759072684,60.0,0.0,0.78324,0.5090772836978302,1639.0481821905807,1345.0,0.0,0.219102,0,Critical - Humanitarian Emergency,Critical
Lapai,Niger,8.81666667,6.68333333,0.0046283600495308375,0.2191,44.5601,49.1694,22.7942,95.32607759072684,92.0,0.0,1.5484,0.4550643270580226,1553.8460306497939,105.0,0.0,0.21890509,0,Critical - Humanitarian Emergency,Critical
Lavun,Niger,9.45,5.63333333,0.0010254387425008846,0.2191,44.5601,49.1694,22.7942,95.32607759072684,101.0,0.0,1.5484,0.4657490407803879,1316.7095169562394,0.0,0.0,0.21891156,0,Critical - Humanitarian Emergency,Critical
Magama,Niger,10.46666667,5.05,0.004753886903889022,0.2191,44.5601,49.1694,22.7942,95.32607759072684,79.0,0.0,1.5484,0.5057397839075665,1674.3367769215251,0.0,0.0,0.21886168,0,Critical - Humanitarian Emergency,Critical
Mariga,Niger,10.7,5.83333333,0.00047509171358170395,0.2191,44.5601,49.1694,22.7942,95.32607759072685,72.0,0.0,1.5484,0.34463216190917806,1455.859734616121,0.0,0.0,0.2198162,0,Critical - Humanitarian Emergency,Critical
Mashegu,Niger,9.95,5.21666667,0.0008514044640245858,0.2191,44.5601,49.1694,22.7942,95.32607759072684,93.0,0.0,1.5484,0.49489426431501055,1570.619860657789,0.0,0.0,0.2189105,0,Critical - Humanitarian Emergency,Critical
Mokwa,Niger,9.2,5.33333333,0.015343831295074885,0.2191,44.5601,49.1694,22.7942,95.32607759072684,93.0,0.0,1.5484,0.4002306360908962,1486.358141812644,0.0,0.0,0.21895234,0,Critical - Humanitarian Emergency,Critical
Munya,Niger,9.78333,7.03333,0.0005272958521685105,0.2191,44.5601,49.1694,22.7942,95.32607759072684,0.0,0.0,1.5484,0.5240872569205117,1678.5206027775428,0.0,0.0,0.21967818,0,Critical - Humanitarian Emergency,Critical
Paikoro,Niger,9.43333,6.63333,0.005135570028446671,0.2191,44.5601,49.1694,22.7942,95.32607759072684,124.0,0.0,1.5484,0.37828661402482633,1415.380311174316,78.0,0.0,0.21935853,1,High Risk - Severe Poverty,High
Rafi,Niger,10.18444444,6.25333333,0.009014176941369901,0.2191,44.5601,49.1694,22.7942,95.32607759072685,114.0,0.0,0.63524,0.3799932254471658,1676.9397041561679,8717.0,0.0,0.21922004,0,Critical - Humanitarian Emergency,Critical
Rijau,Niger,11.1,5.26666667,0.0005458784199861127,0.2191,44.5601,49.1694,22.7942,95.32607759072684,76.0,0.0,0.7103200000000001,0.41015378433135785,1413.1881608443045,2610.0,0.0,0.21846788,0,Critical - Humanitarian Emergency,Critical
Shiroro,Niger,9.95694444,6.83194444,0.005495873497684191,0.2191,44.5601,49.1694,22.7942,95.32607759072684,170.0,0.0,1.5484,0.4550643270580226,1553.8460306497939,65.0,0.0,0.21936256,1,High Risk - Severe Poverty,High
Suleja,Niger,9.18333333,7.18333333,0.5498656123348851,0.2191,44.5601,49.1694,22.7942,95.32607759072683,77.0,0.0,1.50754,0.4179298808476331,1394.4985769519164,271.0,0.0,0.21907203,0,Critical - Humanitarian Emergency,Critical
Tafa,Niger,9.25,7.25,0.5491859992156919,0.2191,44.5601,49.1694,22.7942,95.32607759072684,74.0,0.0,1.5484,0.486022236250047,1645.5874532474868,60.0,0.0,0.21939918,0,Critical - Humanitarian Emergency,Critical
Wushishi,Niger,9.721763,6.111317,0.002993078548326809,0.2191,44.5601,49.1694,22.7942,95.32607759072684,61.0,0.0,0.8287800000000001,0.3087566417506134,949.6244290720322,1155.0,0.0,0.21988717,0,Critical - Humanitarian Emergency,Critical
Abeokuta North,Ogun,7.2,3.2,0.07426799846499153,0.0918,19.9482,46.0279,6.9381,377.9766097422524,132.0,458.0,0.9461999999999999,0.3408190505642633,867.9275169900926,0.0,0.0,0.09141684,1,High Risk - Severe Poverty,High
Abeokuta South,Ogun,7.15,3.35,0.8871830571108851,0.0918,19.9482,46.0279,6.9381,377.9766097422524,142.0,458.0,1.22508,0.3711075844018987,854.8446268909427,0.0,0.0,0.09140005,1,High Risk - Severe Poverty,High
Ado-Odo/Ota,Ogun,6.63333333,3.1,0.6098267410800577,0.0918,19.9482,46.0279,6.9381,377.9766097422524,0.0,458.0,0.80676,0.32212256820513174,880.0841593782485,0.0,0.0,0.09194732,1,High Risk - Severe Poverty,High
Ewekoro,Ogun,6.93333333,3.21666667,0.5524588338771842,0.0918,19.9482,46.0279,6.9381,377.9766097422524,54.0,458.0,1.22508,0.37488627614086406,971.9164657644629,0.0,0.0,0.09137733,1,High Risk - Severe Poverty,High
Ifo,Ogun,6.81666667,3.2,0.7346643885167745,0.0918,19.9482,46.0279,6.9381,377.97660974225244,269.0,458.0,1.3081200000000002,0.3655375860767317,939.9803230674013,0.0,0.0,0.09135945,1,High Risk - Severe Poverty,High
Ijebu East,Ogun,6.73333333,4.16666667,0.031629679577906175,0.0918,19.9482,46.0279,6.9381,377.9766097422524,58.0,458.0,1.22508,0.30385548642960386,931.6927026111508,0.0,0.0,0.09187269,1,High Risk - Severe Poverty,High
Ijebu North,Ogun,6.95,4.0,0.04708961334114983,0.0918,19.9482,46.0279,6.9381,377.9766097422524,87.0,458.0,0.80676,0.3415747889120564,891.3418847647966,0.0,0.0,0.09264889,1,High Risk - Severe Poverty,High
Ijebu North East,Ogun,6.9,4.01666667,0.0934969258423035,0.0918,19.9482,46.0279,6.9381,377.9766097422524,42.0,458.0,1.22508,0.2999283339078729,798.8781593125641,0.0,0.0,0.09109308,1,High Risk - Severe Poverty,High
Ijebu Ode,Ogun,6.82083333,3.92083333,0.26720626905622763,0.0918,19.9482,46.0279,6.9381,377.9766097422524,111.0,458.0,0.9461999999999999,0.3408190505642633,867.9275169900926,0.0,0.0,0.09137188,1,High Risk - Severe Poverty,High
Ikenne,Ogun,6.86666667,3.71666667,0.6133132025405958,0.0918,19.9482,46.0279,6.9381,377.9766097422524,37.0,458.0,1.22508,0.2459504357752137,855.8983972311488,0.0,0.0,0.09135419,1,High Risk - Severe Poverty,High
Imeko Afon,Ogun,7.63333333,2.86666667,0.003687641644727684,0.0918,19.9482,46.0279,6.9381,377.9766097422523,40.0,458.0,0.80676,0.30600614649511865,864.4615951703381,0.0,0.0,0.09079453,1,High Risk - Severe Poverty,High
Ipokia,Ogun,6.53333333,2.85,0.040804234186858,0.0918,19.9482,46.0279,6.9381,377.9766097422524,101.0,458.0,1.22508,0.3905072918939824,873.2724109376663,0.0,0.0,0.09128932,1,High Risk - Severe Poverty,High
Obafemi Owode,Ogun,6.95,3.5,0.3612751582157503,0.0918,19.9482,46.0279,6.9381,377.9766097422523,160.0,458.0,0.9461999999999999,0.3408190505642633,867.9275169900926,0.0,0.0,0.09137918,1,High Risk - Severe Poverty,High
Odeda,Ogun,7.21666667,3.51666667,0.02615509601372233,0.0918,19.9482,46.0279,6.9381,377.9766097422524,59.0,458.0,1.22508,0.30035112296559524,839.9711474534498,0.0,0.0,0.09331018,1,High Risk - Severe Poverty,High
Odogbolu,Ogun,6.76666667,3.8,0.29532945353441636,0.0918,19.9482,46.0279,6.9381,377.9766097422524,58.0,458.0,0.80676,0.32455537057766765,869.4718527637363,0.0,0.0,0.09262643,1,High Risk - Severe Poverty,High
Ogun Waterside,Ogun,6.48333333,4.4,0.0,0.0918,19.9482,46.0279,6.9381,377.97660974225244,43.0,458.0,1.22508,0.30541020022203874,763.9222509323642,0.0,0.0,0.08814334,1,High Risk - Severe Poverty,High
Remo North,Ogun,7.0,3.71666667,0.16183973941853438,0.0918,19.9482,46.0279,6.9381,377.9766097422524,29.0,458.0,0.80676,0.30600614649511865,864.4615951703383,0.0,0.0,0.09246294,1,High Risk - Severe Poverty,High
Shagamu,Ogun,6.83333333,3.65,2.176796195954127,0.0918,19.9482,46.0279,6.9381,377.9766097422523,0.0,458.0,1.22508,0.3844375949796694,1009.8055236507023,0.0,0.0,0.24803554,1,High Risk - Severe Poverty,High
Yewa North,Ogun,7.15,2.91666667,0.02554031409070343,0.0918,19.9482,46.0279,6.9381,377.9766097422524,95.0,458.0,0.80676,0.3415747889120564,891.3418847647966,0.0,0.0,0.09140627,1,High Risk - Severe Poverty,High
Yewa South,Ogun,6.8,2.95,0.05920386451333542,0.0918,19.9482,46.0279,6.9381,377.9766097422524,68.0,458.0,1.22508,0.33827376713023627,839.8566970572534,0.0,0.0,0.09107238,1,High Risk - Severe Poverty,High
Akoko North East,Ondo,7.516667,5.75,0.014192732717326986,0.0637,14.4482,44.0736,4.212,351.96633921273065,55.0,259.0,1.50914,0.5159149241767577,2247.7469783975575,0.0,0.0,0.062851086,1,High Risk - Severe Poverty,High
Akoko North West,Ondo,7.643346,5.76057,0.008495497029131311,0.0637,14.4482,44.0736,4.212,351.96633921273065,45.0,259.0,1.5484,0.5112446933547641,2317.805277482349,0.0,0.0,0.0616542,1,High Risk - Severe Poverty,High
Akoko South East,Ondo,7.451155,5.910301,0.0,0.0637,14.4482,44.0736,4.212,351.96633921273065,39.0,259.0,1.50914,0.4709329590104758,1951.6470044535884,0.0,0.0,0.060718317,1,High Risk - Severe Poverty,High
Akoko South West,Ondo,7.45439,5.801639,0.0016575055037225995,0.0637,14.4482,44.0736,4.212,351.96633921273065,72.0,259.0,1.5484,0.483805791280774,2222.9113895842434,0.0,0.0,0.062285364,1,High Risk - Severe Poverty,High
Akure North,Ondo,7.26277778,5.31583333,0.1138694779522606,0.0637,14.4482,44.0736,4.212,351.96633921273065,64.0,259.0,1.5484,0.5018514612888163,2265.0317628445546,0.0,0.0,0.06414566,1,High Risk - Severe Poverty,High
Akure South,Ondo,7.2075,5.18833333,0.20461376848097315,0.0637,14.4482,44.0736,4.212,351.96633921273065,86.0,259.0,1.5484,0.5415987073499693,2348.3855927809414,0.0,0.0,0.0639906,1,High Risk - Severe Poverty,High
Ese Odo,Ondo,6.25754,5.000496,0.0029128734600376914,0.0637,14.4482,44.0736,4.212,351.96633921273065,42.0,259.0,1.50914,0.4738122770104865,1940.597182192422,0.0,0.0,0.060608726,1,High Risk - Severe Poverty,High
Idanre,Ondo,7.09222222,5.13222222,0.004107291906680768,0.0637,14.4482,44.0736,4.212,351.96633921273065,74.0,259.0,1.5484,0.5283200966862892,2291.124019479206,0.0,0.0,0.06212411,1,High Risk - Severe Poverty,High
Ifedore,Ondo,7.343085,5.108323,0.16085000286003506,0.0637,14.4482,44.0736,4.212,351.96633921273065,70.0,259.0,1.5484,0.5028752867250322,2261.6268170732174,0.0,0.0,0.06414566,1,High Risk - Severe Poverty,High
Ilaje,Ondo,6.369232,4.784181,0.05411669865390669,0.0637,14.4482,44.0736,4.212,351.96633921273065,70.0,259.0,1.5484,0.5283200966862892,2291.124019479206,0.0,0.0,0.06414566,1,High Risk - Severe Poverty,High
Ile Oluji/Okeigbo,Ondo,7.166442,4.724235,0.039304311896605014,0.0637,14.4482,44.0736,4.212,351.9663392127307,0.0,259.0,1.50914,0.3202529383696022,852.9123504107495,0.0,0.0,0.061469596,1,High Risk - Severe Poverty,High
Irele,Ondo,6.48333333,4.86666667,0.0015909091621665646,0.0637,14.4482,44.0736,4.212,351.96633921273065,45.0,259.0,1.5484,0.5569936347791181,2140.474211700242,0.0,0.0,0.062494755,1,High Risk - Severe Poverty,High
Odigbo,Ondo,6.793915,4.867455,0.032651345613487266,0.0637,14.4482,44.0736,4.212,351.96633921273065,82.0,259.0,1.5484,0.5192319828833446,2295.0674086313857,0.0,0.0,0.064299814,1,High Risk - Severe Poverty,High
Okitipupa,Ondo,6.55,4.71666667,0.02977474583756356,0.0637,14.4482,44.0736,4.212,351.96633921273065,63.0,259.0,1.5484,0.5232009695052096,2308.148748335892,0.0,0.0,0.06458135,1,High Risk - Severe Poverty,High
Ondo East,Ondo,7.065508,4.931343,0.02290507797625667,0.0637,14.4482,44.0736,4.212,351.96633921273065,22.0,259.0,1.50914,0.41312163209035296,1444.759063388196,0.0,0.0,0.06408055,1,High Risk - Severe Poverty,High
Ondo West,Ondo,7.09727,4.84115,0.03681481743759744,0.0637,14.4482,44.0736,4.212,351.9663392127306,66.0,259.0,1.5484,0.4598152265584075,2181.182634990098,0.0,0.0,0.064498,1,High Risk - Severe Poverty,High
Ose,Ondo,6.922762,5.777478,0.0010072259982845163,0.0637,14.4482,44.0736,4.212,351.96633921273065,37.0,259.0,1.50914,0.4724689860355668,1789.9641574583497,0.0,0.0,0.0596207,1,High Risk - Severe Poverty,High
Owo,Ondo,7.18333333,5.58333333,0.034224702296492576,0.0637,14.4482,44.0736,4.212,351.96633921273065,71.0,259.0,1.5484,0.5141152224134014,2321.792021833332,0.0,0.0,0.06444066,1,High Risk - Severe Poverty,High
Ayedaade,Osun,7.31666667,4.35,0.2365321890991805,0.0315,7.5201,41.8408,1.6488,404.11613399170204,86.0,167.0,1.50914,0.5024389308015068,2137.088347992566,0.0,0.0,0.03169789,1,High Risk - Severe Poverty,High
Aiyedire,Osun,7.56666667,4.23333333,0.04160753667712833,0.0315,7.5201,41.8408,1.6488,404.11613399170204,0.0,167.0,1.5484,0.5044892680021207,2239.124633491793,0.0,0.0,0.03156483,1,High Risk - Severe Poverty,High
Atakunmosa East,Osun,7.48333,4.78333,0.07339273223801265,0.0315,7.5201,41.8408,1.6488,404.1161339917021,0.0,167.0,1.50914,0.5060516506541658,2182.0969910659687,0.0,0.0,0.032381088,1,High Risk - Severe Poverty,High
Atakunmosa West,Osun,7.55,4.66667,0.017186369791196844,0.0315,7.5201,41.8408,1.6488,404.1161339917021,0.0,167.0,1.5484,0.5113796562336302,2226.5083969933667,0.0,0.0,0.03427012,1,High Risk - Severe Poverty,High
Boluwaduro,Osun,7.9,4.81666667,0.0005461997639985732,0.0315,7.5201,41.8408,1.6488,404.1161339917021,28.0,167.0,1.50914,0.5042581971165829,2168.7137656195796,0.0,0.0,0.039905444,1,High Risk - Severe Poverty,High
Boripe,Osun,7.86666667,4.65833333,0.2670016697682868,0.0315,7.5201,41.8408,1.6488,404.11613399170216,68.0,167.0,1.5484,0.3075882182797741,2127.8840806434673,0.0,0.0,0.032686494,1,High Risk - Severe Poverty,High
Ede North,Osun,7.73333333,4.48333333,0.28337728999543943,0.0315,7.5201,41.8408,1.6488,404.1161339917021,43.0,167.0,1.50914,0.46349990952581166,2148.9889023495994,0.0,0.0,0.030977765,1,High Risk - Severe Poverty,High
Ede South,Osun,7.7,4.45,0.0897515241588865,0.0315,7.5201,41.8408,1.6488,404.11613399170204,52.0,167.0,1.5484,0.49552200031420596,2172.2085062598458,0.0,0.0,0.031174643,1,High Risk - Severe Poverty,High
Egbedore,Osun,7.81666667,4.43333333,0.3409829880472711,0.0315,7.5201,41.8408,1.6488,404.1161339917021,73.0,167.0,1.50914,0.46479785622927006,2143.9479638286543,0.0,0.0,0.031427786,1,High Risk - Severe Poverty,High
Ejigbo,Osun,7.9,4.315,0.010012665142615637,0.0315,7.5201,41.8408,1.6488,404.11613399170204,80.0,167.0,1.5484,0.5368322679613767,2237.202154038551,0.0,0.0,0.032906007,1,High Risk - Severe Poverty,High
Ife Central,Osun,7.55,4.53333333,0.46814854873551265,0.0315,7.5201,41.8408,1.6488,404.11613399170216,59.0,167.0,1.50914,0.4648088468201136,2191.618544813079,0.0,0.0,0.030648476,1,High Risk - Severe Poverty,High
Ife East,Osun,7.45,4.6,0.15583908470053423,0.0315,7.5201,41.8408,1.6488,404.1161339917021,69.0,167.0,1.5484,0.521894920370245,2266.0293814913643,0.0,0.0,0.030922282,1,High Risk - Severe Poverty,High
Ife North,Osun,7.36666667,4.46666667,0.030353105505939795,0.0315,7.5201,41.8408,1.6488,404.11613399170204,43.0,167.0,1.50914,0.46349990952581166,2148.9889023495994,0.0,0.0,0.032129716,1,High Risk - Severe Poverty,High
Ife South,Osun,7.2,4.6,0.0,0.0315,7.5201,41.8408,1.6488,404.11613399170216,78.0,167.0,1.5484,0.5018929343186809,2273.6847598480635,0.0,0.0,0.032613512,1,High Risk - Severe Poverty,High
Ifedayo,Osun,7.95,4.98333333,0.001642254282947348,0.0315,7.5201,41.8408,1.6488,404.1161339917021,35.0,167.0,1.50914,0.46349990952581166,2148.9889023495994,0.0,0.0,0.033045247,1,High Risk - Severe Poverty,High
Ifelodun,Osun,7.91667,4.66667,0.11957600559212006,0.0315,7.5201,41.8408,1.6488,404.1161339917021,169.0,167.0,1.5484,0.494840509796304,2183.2018280705565,0.0,0.0,0.031066751,1,High Risk - Severe Poverty,High
Ila,Osun,8.01666667,4.9,0.0,0.0315,7.5201,41.8408,1.6488,404.1161339917021,54.0,167.0,1.50914,0.46349990952581177,2148.9889023496,0.0,0.0,0.033452563,1,High Risk - Severe Poverty,High
Ilesa East,Osun,7.61666667,4.76666667,0.162919476573007,0.0315,7.5201,41.8408,1.6488,404.11613399170204,49.0,167.0,1.5484,0.47973458632005744,2239.479153833735,0.0,0.0,0.031000048,1,High Risk - Severe Poverty,High
Ilesa West,Osun,7.65,4.71666667,0.16777464375374027,0.0315,7.5201,41.8408,1.6488,404.11613399170204,67.0,167.0,1.50914,0.46479785622927006,2143.9479638286543,0.0,0.0,0.031465452,1,High Risk - Severe Poverty,High
Irepodun,Osun,7.83333,4.48333,0.1309696727239334,0.0315,7.5201,41.8408,1.6488,404.1161339917021,107.0,167.0,1.5484,0.549110924780557,2254.18090802061,0.0,0.0,0.031125255,1,High Risk - Severe Poverty,High
Irewole,Osun,7.41666667,4.21666667,0.03271843862814316,0.0315,7.5201,41.8408,1.6488,404.1161339917021,46.0,167.0,1.50914,0.46349990952581166,2148.9889023495994,0.0,0.0,0.03221748,1,High Risk - Severe Poverty,High
Isokan,Osun,7.3,4.18333333,0.04340926045296239,0.0315,7.5201,41.8408,1.6488,404.1161339917021,41.0,167.0,1.5484,0.5833484222742376,2225.2746182777096,0.0,0.0,0.031192107,1,High Risk - Severe Poverty,High
Iwo,Osun,7.63333333,4.18333333,0.10798055218244956,0.0315,7.5201,41.8408,1.6488,404.11613399170204,82.0,167.0,1.50914,0.5106466661655905,2165.8115785076707,0.0,0.0,0.030964717,1,High Risk - Severe Poverty,High
Obokun,Osun,7.78333333,4.76666667,0.028831670912895124,0.0315,7.5201,41.8408,1.6488,404.1161339917021,69.0,167.0,1.5484,0.5193045088162856,2152.491601836983,0.0,0.0,0.031542342,1,High Risk - Severe Poverty,High
Odo-Otin,Osun,8.01666667,4.7,0.04160753667712833,0.0315,7.5201,41.8408,1.6488,404.1161339917021,0.0,167.0,1.50914,0.5060516506541658,2182.0969910659687,0.0,0.0,0.03199954,1,High Risk - Severe Poverty,High
Ola-Oluwa,Osun,7.78333333,4.21666667,0.162919476573007,0.0315,7.5201,41.8408,1.6488,404.1161339917021,48.0,167.0,1.5484,0.4513063204407833,1980.09815273324,0.0,0.0,0.03276532,1,High Risk - Severe Poverty,High
Olorunda,Osun,7.86666667,4.58333333,0.7236847401235662,0.0315,7.5201,41.8408,1.6488,404.1161339917021,83.0,167.0,1.50914,0.5106466661655905,2165.8115785076707,0.0,0.0,0.03109029,1,High Risk - Severe Poverty,High
Oriade,Osun,7.58333333,4.86666667,0.04621780533971411,0.0315,7.5201,41.8408,1.6488,404.1161339917021,73.0,167.0,1.5484,0.47330869936136477,1899.649995323393,0.0,0.0,0.03210357,1,High Risk - Severe Poverty,High
Orolu,Osun,7.9,4.45,0.11527012730948627,0.0315,7.5201,41.8408,1.6488,404.1161339917021,29.0,167.0,1.50914,0.5042581971165829,2168.7137656195796,0.0,0.0,0.03197682,1,High Risk - Severe Poverty,High
Osogbo,Osun,7.76666667,4.56666667,1.8401103267527146,0.0315,7.5201,41.8408,1.6488,404.1161339917021,101.0,167.0,1.5484,0.48085624354982637,2122.413228915839,0.0,0.0,0.03177374,1,High Risk - Severe Poverty,High
Afijio,Oyo,7.8,3.9,0.024116000266273564,0.0809,17.3758,46.544,6.3096,296.88311049985765,70.0,208.0,1.5484,0.3267418941123544,787.0836297375847,0.0,0.0,0.08087597,1,High Risk - Severe Poverty,High
Akinyele,Oyo,7.523735,3.914781,0.2179167192083239,0.0809,17.3758,46.544,6.3096,296.8831104998576,101.0,208.0,1.5484,0.2948739222115018,2128.2395314169303,0.0,0.0,0.08014398,1,High Risk - Severe Poverty,High
Atiba,Oyo,7.849454,3.930354,0.009253123631086558,0.0809,17.3758,46.544,6.3096,296.8831104998576,52.0,208.0,1.5484,0.33678797649492803,701.946447702255,0.0,0.0,0.081041574,1,High Risk - Severe Poverty,High
Atisbo,Oyo,8.549788,3.45,0.0,0.0809,17.3758,46.544,6.3096,296.88311049985765,38.0,208.0,1.5484,0.46351852734288823,2254.584595468188,0.0,0.0,0.07097031,1,High Risk - Severe Poverty,High
Egbeda,Oyo,7.381337,3.966501,0.5261267075366942,0.0809,17.3758,46.544,6.3096,296.88311049985765,97.0,208.0,1.5484,0.3224079548361122,1272.4780466037769,0.0,0.0,0.080615826,1,High Risk - Severe Poverty,High
Ibadan North,Oyo,7.403239,3.913107,2.9935993537948464,0.0809,17.3758,46.544,6.3096,296.8831104998576,99.0,208.0,1.5484,0.371574817667232,2147.530375403196,0.0,0.0,0.079703055,1,High Risk - Severe Poverty,High
Ibadan North East,Oyo,7.401536,3.938985,1.4137658344374762,0.0809,17.3758,46.544,6.3096,296.88311049985765,87.0,208.0,1.5484,0.3223200636856306,1314.944309968705,0.0,0.0,0.080615826,1,High Risk - Severe Poverty,High
Ibadan North West,Oyo,7.395799,3.881569,2.274099290370941,0.0809,17.3758,46.544,6.3096,296.8831104998576,48.0,208.0,1.5484,0.3807847998577222,714.7640717512071,0.0,0.0,0.080645114,1,High Risk - Severe Poverty,High
Ibadan South East,Oyo,7.37577,3.897557,1.8467059184343386,0.0809,17.3758,46.544,6.3096,296.88311049985765,59.0,208.0,1.5484,0.33678797649492803,701.946447702255,0.0,0.0,0.0806671,1,High Risk - Severe Poverty,High
Ibadan South West,Oyo,7.396389,3.916667,6.963952729640863,0.0809,17.3758,46.544,6.3096,296.8831104998576,99.0,208.0,1.5484,0.3030153304788621,593.1455240944427,0.0,0.0,0.08066665,1,High Risk - Severe Poverty,High
Ibarapa Central,Oyo,7.435346,3.288581,0.009894022807489581,0.0809,17.3758,46.544,6.3096,296.88311049985765,26.0,208.0,1.5484,0.33748407995137547,956.5937363568519,0.0,0.0,0.0775375,1,High Risk - Severe Poverty,High
Ibarapa East,Oyo,7.549722,3.45,0.021628180123639828,0.0809,17.3758,46.544,6.3096,296.88311049985765,35.0,208.0,1.5484,0.27430810936834904,494.45988999701177,0.0,0.0,0.08162321,1,High Risk - Severe Poverty,High
Ibarapa North,Oyo,7.564226,3.229916,0.0031253235288183257,0.0809,17.3758,46.544,6.3096,296.88311049985765,30.0,208.0,1.5484,0.33748407995137547,956.5937363568519,0.0,0.0,0.080114156,1,High Risk - Severe Poverty,High
Ido,Oyo,7.507354,3.719376,0.24381501555855298,0.0809,17.3758,46.544,6.3096,296.88311049985765,88.0,208.0,1.5484,0.3329972574655732,910.8752656405829,0.0,0.0,0.080796815,1,High Risk - Severe Poverty,High
Irepo,Oyo,7.350425,3.880304,0.0017547578354029229,0.0809,17.3758,46.544,6.3096,296.88311049985765,32.0,208.0,1.5484,0.33748407995137547,956.5937363568519,0.0,0.0,0.079773,1,High Risk - Severe Poverty,High
Iseyin,Oyo,7.96666667,3.6,0.028096787215676017,0.0809,17.3758,46.544,6.3096,296.88311049985765,81.0,208.0,1.5484,0.30913899060498395,794.9308532883741,0.0,0.0,0.081525154,1,High Risk - Severe Poverty,High
Itesiwaju,Oyo,7.358763,3.959258,0.007071870529774823,0.0809,17.3758,46.544,6.3096,296.8831104998576,27.0,208.0,1.5484,0.33748407995137547,956.5937363568519,0.0,0.0,0.08020872,1,High Risk - Severe Poverty,High
Iwajowa,Oyo,7.983269,3.05274,0.0003228203977333076,0.0809,17.3758,46.544,6.3096,296.88311049985765,31.0,208.0,1.5484,0.33065855162681007,823.953186587085,0.0,0.0,0.08015015,1,High Risk - Severe Poverty,High
Kajola,Oyo,8.037685,3.348942,0.0,0.0809,17.3758,46.544,6.3096,296.88311049985765,41.0,208.0,1.5484,0.34750932959755787,934.755913389676,0.0,0.0,0.08098728,1,High Risk - Severe Poverty,High
Lagelu,Oyo,7.495026,4.073009,0.37349328903312035,0.0809,17.3758,46.544,6.3096,296.88311049985765,106.0,208.0,1.5484,0.3095784463573918,582.5995364637324,0.0,0.0,0.080676176,1,High Risk - Severe Poverty,High
Ogbomosho North,Oyo,8.133333,4.25,0.29668645775798475,0.0809,17.3758,46.544,6.3096,296.88311049985765,80.0,208.0,1.5484,0.3223200636856306,1314.944309968705,0.0,0.0,0.08062619,1,High Risk - Severe Poverty,High
Ogbomosho South,Oyo,8.11791,4.239092,0.13130779664676923,0.0809,17.3758,46.544,6.3096,296.88311049985765,48.0,208.0,1.5484,0.3073533512931265,644.6148727308724,0.0,0.0,0.08068654,1,High Risk - Severe Poverty,High
Ogo Oluwa,Oyo,8.13524,4.24006,0.01132489600867936,0.0809,17.3758,46.544,6.3096,296.88311049985765,49.0,208.0,1.5484,0.33678797649492803,701.946447702255,0.0,0.0,0.081041574,1,High Risk - Severe Poverty,High
Olorunsogo,Oyo,8.752377,4.130988,0.0011098811118215764,0.0809,17.3758,46.544,6.3096,296.88311049985765,42.0,208.0,1.5484,0.3115818601257033,565.3561370011013,0.0,0.0,0.08098501,1,High Risk - Severe Poverty,High
Oluyole,Oyo,7.218,3.892,0.45544939021775344,0.0809,17.3758,46.544,6.3096,296.8831104998576,89.0,208.0,1.5484,0.3223200636856306,1314.944309968705,0.0,0.0,0.080615826,1,High Risk - Severe Poverty,High
Ona Ara,Oyo,7.225568,4.026554,0.17965409975878277,0.0809,17.3758,46.544,6.3096,296.88311049985765,107.0,208.0,1.5484,0.35821013551248887,462.67011784477353,0.0,0.0,0.08073206,1,High Risk - Severe Poverty,High
Oorelope,Oyo,8.833333,3.75,0.004433759019843791,0.0809,17.3758,46.544,6.3096,296.88311049985765,0.0,208.0,1.5484,0.33748407995137547,956.5937363568519,0.0,0.0,0.090095595,1,High Risk - Severe Poverty,High
Ori Ire,Oyo,8.33423,4.14423,0.003175162361218379,0.0809,17.3758,46.544,6.3096,296.88311049985765,54.0,208.0,1.5484,0.3838880012564355,886.1597939816214,0.0,0.0,0.08095072,1,High Risk - Severe Poverty,High
Oyo East,Oyo,7.882092,3.998755,0.1040290255381653,0.0809,17.3758,46.544,6.3096,296.8831104998576,46.0,208.0,1.5484,0.33678797649492803,701.946447702255,0.0,0.0,0.08070476,1,High Risk - Severe Poverty,High
Oyo West,Oyo,7.94157,3.8218,0.07224866793083654,0.0809,17.3758,46.544,6.3096,296.88311049985765,54.0,208.0,1.5484,0.3003318699416525,698.8373630464727,0.0,0.0,0.08068654,1,High Risk - Severe Poverty,High
Saki East,Oyo,8.628418,3.640723,0.001334453531478931,0.0809,17.3758,46.544,6.3096,296.88311049985765,34.0,208.0,1.5484,0.33748407995137547,956.5937363568519,0.0,0.0,0.08134762,1,High Risk - Severe Poverty,High
Saki West,Oyo,8.666667,3.4,0.009061562190570775,0.0809,17.3758,46.544,6.3096,296.88311049985765,106.0,208.0,1.5484,0.3206362225288263,700.0568431018718,0.0,0.0,0.080873504,1,High Risk - Severe Poverty,High
Surulere,Oyo,6.5,3.35,0.003392881008724574,0.0809,17.3758,46.544,6.3096,296.8831104998577,225.0,208.0,1.46668,0.33097470885548813,1204.219280846101,0.0,0.0,0.08112897,1,High Risk - Severe Poverty,High
Barkin Ladi,Plateau,9.56667,8.91667,0.009252194530345028,0.1945,42.4669,45.7951,16.2632,177.93775543371783,125.0,392.0,1.3441,0.3213062009486478,686.6955955412656,0.0,0.0,0.1941453,1,High Risk - Severe Poverty,High
Bassa,Plateau,10.0833,8.73333,0.02757855583129551,0.1945,42.4669,45.7951,16.2632,177.93775543371785,191.0,392.0,0.7535999999999999,0.41160794110393173,1301.116714038988,926.0,0.0,0.19039851,1,High Risk - Severe Poverty,High
Bokkos,Plateau,9.25,8.88333333,0.0031149979333496332,0.1945,42.4669,45.7951,16.2632,177.93775543371783,139.0,392.0,0.8726200000000001,0.2004276199305945,943.759877869605,483.0,0.0,0.19415882,1,High Risk - Severe Poverty,High
Jos East,Plateau,9.91666667,9.1,0.005712557598093238,0.1945,42.4669,45.7951,16.2632,177.93775543371785,52.0,392.0,0.75896,0.4137808177057531,2358.7076097883314,287.0,0.0,0.19472034,1,High Risk - Severe Poverty,High
Jos North,Plateau,9.91666667,8.9,1.3148144285523142,0.1945,42.4669,45.7951,16.2632,177.93775543371783,136.0,392.0,0.9220200000000001,0.28645230515928327,558.4683045369135,6967.0,0.0,0.19445534,1,High Risk - Severe Poverty,High
Jos South,Plateau,9.76666667,8.8,0.6862773059959143,0.1945,42.4669,45.7951,16.2632,177.93775543371783,128.0,392.0,1.0449000000000002,0.42002243988643,1668.53400210125,2829.0,0.0,0.19489323,1,High Risk - Severe Poverty,High
Kanam,Plateau,9.56601387018746,9.991505892537331,0.002340428886128754,0.1945,42.4669,45.7951,16.2632,177.93775543371785,66.0,392.0,0.752,0.28497507028151103,673.7571941571437,547.0,0.0,0.19508508,1,High Risk - Severe Poverty,High
Kanke,Plateau,9.3671789,9.639354933485455,0.0008926070969136017,0.1945,42.4669,45.7951,16.2632,177.93775543371785,79.0,392.0,1.0630600000000001,0.412069048583224,1812.4457825314507,4946.0,0.0,0.1950715,1,High Risk - Severe Poverty,High
Langtang North,Plateau,9.13333333,9.78333333,0.00014830063102767082,0.1945,42.4669,45.7951,16.2632,177.93775543371785,92.0,392.0,0.8287800000000001,0.35147350625061496,554.4089502770668,1143.0,0.0,0.19527408,1,High Risk - Severe Poverty,High
Langtang South,Plateau,8.63333333,9.8,0.0,0.1945,42.4669,45.7951,16.2632,177.93775543371785,59.0,392.0,1.18594,0.4969429259281193,1678.52011163376,3051.0,0.0,0.19665077,1,High Risk - Severe Poverty,High
Mangu,Plateau,9.43333333,9.13333333,0.007939201738776231,0.1945,42.4669,45.7951,16.2632,177.93775543371783,142.0,392.0,1.18594,0.32961811465416574,800.5250344657563,14352.0,0.0,0.19574042,1,High Risk - Severe Poverty,High
Mikang,Plateau,9.0,9.58333333,0.0,0.1945,42.4669,45.7951,16.2632,177.93775543371783,52.0,392.0,0.8287800000000001,0.42705164654279065,1693.5933691312803,1418.0,0.0,0.19583121,1,High Risk - Severe Poverty,High
Pankshin,Plateau,9.327248,9.431291,0.002145643295554309,0.1945,42.4669,45.7951,16.2632,177.93775543371785,107.0,392.0,1.1108600000000002,0.27098685025817554,515.9297354092843,1899.0,0.0,0.19432537,1,High Risk - Severe Poverty,High
Qua'an Pan,Plateau,8.8,9.15,0.00027760455587413614,0.1945,42.4669,45.7951,16.2632,177.93775543371785,0.0,392.0,0.8984,0.48052748034593346,2661.5431818842712,0.0,0.0,0.1935285,1,High Risk - Severe Poverty,High
Riyom,Plateau,9.56666667,8.66666667,0.004155523760660791,0.1945,42.4669,45.7951,16.2632,177.93775543371785,65.0,392.0,0.9220200000000001,0.27794848301282593,596.3685016971323,7035.0,0.0,0.1953622,1,High Risk - Severe Poverty,High
Shendam,Plateau,8.71666667,9.5,0.0016621221529908828,0.1945,42.4669,45.7951,16.2632,177.93775543371783,97.0,392.0,0.8287800000000001,0.42118186333585433,1731.099439522944,1310.0,0.0,0.19523123,1,High Risk - Severe Poverty,High
Wase,Plateau,9.1,9.96666667,0.00290297480635257,0.1945,42.4669,45.7951,16.2632,177.93775543371785,83.0,392.0,0.7535999999999999,0.35078059473320866,632.2607157377993,924.0,0.0,0.19463284,1,High Risk - Severe Poverty,High
Abua-Odual,Rivers,4.82972222,6.5675,2.4782839102664083,0.0351,8.3898,41.8616,1.3755,812.9595735908262,0.0,176.0,1.7806000000000002,0.3337133952702152,935.0933654792076,0.0,0.0,0.035218254,1,High Risk - Severe Poverty,High
Ahoada East,Rivers,5.06833333,6.64666667,0.20085325395261056,0.0351,8.3898,41.8616,1.3755,812.959573590826,43.0,176.0,1.7806000000000002,0.32698395461460983,629.5895288374523,0.0,0.0,0.03508794,1,High Risk - Severe Poverty,High
Ahoada West,Rivers,5.08638889,6.47527778,2.405193290225386,0.0351,8.3898,41.8616,1.3755,812.959573590826,35.0,176.0,1.7806000000000002,0.36420778388971065,1049.1008774154534,0.0,0.0,0.0354552,1,High Risk - Severe Poverty,High
Akuku-Toru,Rivers,4.56,6.74972222,3.0217429809373884,0.0351,8.3898,41.8616,1.3755,812.959573590826,0.0,176.0,1.7806000000000002,0.29785509493813134,706.6893725034417,0.0,0.0,0.035170276,1,High Risk - Severe Poverty,High
Andoni,Rivers,4.54916667,7.44638889,1.6071363138966261,0.0351,8.3898,41.8616,1.3755,812.959573590826,36.0,176.0,1.7806000000000002,0.36420778388971065,1049.1008774154534,0.0,0.0,0.035393905,1,High Risk - Severe Poverty,High
Asari-Toru,Rivers,4.78333333,6.85,0.038037370839474366,0.0351,8.3898,41.8616,1.3755,812.959573590826,21.0,176.0,1.7806000000000002,0.2933488683754979,569.6285787744841,0.0,0.0,0.035546433,1,High Risk - Severe Poverty,High
Bonny,Rivers,4.43333333,7.16666667,8.682738119035431,0.0351,8.3898,41.8616,1.3755,812.959573590826,22.0,176.0,1.7806000000000002,0.32787493973220244,889.1873293184017,0.0,0.0,0.035254627,1,High Risk - Severe Poverty,High
Degema,Rivers,4.57416667,6.93805556,0.9097484564118277,0.0351,8.3898,41.8616,1.3755,812.9595735908262,7.0,176.0,1.7806000000000002,0.3114789604655399,638.0732715402888,0.0,0.0,0.03511649,1,High Risk - Severe Poverty,High
Eleme,Rivers,4.7875,7.14361111,2.676680033962901,0.0351,8.3898,41.8616,1.3755,812.959573590826,18.0,176.0,1.7806000000000002,0.32803597118886857,848.324372895933,0.0,0.0,0.035325453,1,High Risk - Severe Poverty,High
Emohua,Rivers,4.88333333,6.86666667,2.807834236924133,0.0351,8.3898,41.8616,1.3755,812.959573590826,30.0,176.0,1.7806000000000002,0.282587220467102,640.0249994250029,0.0,0.0,0.035063665,1,High Risk - Severe Poverty,High
Etche,Rivers,4.99,7.05,2.4885230588357157,0.0351,8.3898,41.8616,1.3755,812.959573590826,47.0,176.0,1.7806000000000002,0.38463386249032505,1126.6610978123804,0.0,0.0,0.03532255,1,High Risk - Severe Poverty,High
Gokana,Rivers,4.65972222,7.2825,0.07050329700637117,0.0351,8.3898,41.8616,1.3755,812.959573590826,31.0,176.0,1.7806000000000002,0.398048070734352,1314.7611227196328,0.0,0.0,0.035037514,1,High Risk - Severe Poverty,High
Ikwerre,Rivers,5.055143,6.922417,1.212724448473947,0.0351,8.3898,41.8616,1.3755,812.9595735908262,34.0,176.0,1.7806000000000002,0.3642077838897106,1049.1008774154536,0.0,0.0,0.035393905,1,High Risk - Severe Poverty,High
Khana,Rivers,4.7,7.35,0.02143383458395375,0.0351,8.3898,41.8616,1.3755,812.959573590826,39.0,176.0,1.7806000000000002,0.45950809501396883,1377.68006196258,0.0,0.0,0.03592399,1,High Risk - Severe Poverty,High
Obio/Akpor,Rivers,4.874902,6.999767,5.708919485189297,0.0351,8.3898,41.8616,1.3755,812.959573590826,114.0,176.0,1.7806000000000002,0.38463386249032505,1126.6610978123804,0.0,0.0,0.035014536,1,High Risk - Severe Poverty,High
Ogba/Egbema/Ndoni,Rivers,5.34166944,6.65556111,3.1479521897668663,0.0351,8.3898,41.8616,1.3755,812.9595735908262,53.0,176.0,1.7806000000000002,0.38471761347017436,1027.8261014096374,0.0,0.0,0.035235405,1,High Risk - Severe Poverty,High
Ogu/Bolo,Rivers,4.65055556,7.18305556,2.4782839102664083,0.0351,8.3898,41.8616,1.3755,812.959573590826,11.0,176.0,1.7806000000000002,0.33371339527021515,935.0933654792076,0.0,0.0,0.035323076,1,High Risk - Severe Poverty,High
Okrika,Rivers,4.74,7.083,4.6060051539694316,0.0351,8.3898,41.8616,1.3755,812.9595735908262,34.0,176.0,1.7806000000000002,0.35391157861852035,1283.4486741325995,0.0,0.0,0.034856707,1,High Risk - Severe Poverty,High
Omuma,Rivers,4.969419,7.020821,2.4782839102664083,0.0351,8.3898,41.8616,1.3755,812.959573590826,0.0,176.0,1.7806000000000002,0.3337133952702152,935.0933654792076,0.0,0.0,0.035218254,1,High Risk - Severe Poverty,High
Opobo/Nkoro,Rivers,4.56805556,7.55277778,0.08421557108240743,0.0351,8.3898,41.8616,1.3755,812.959573590826,7.0,176.0,1.7806000000000002,0.35471673590185093,1079.1338920202566,0.0,0.0,0.03520804,1,High Risk - Severe Poverty,High
Oyigbo,Rivers,4.87806111,7.12833056,1.7161836830674768,0.0351,8.3898,41.8616,1.3755,812.959573590826,52.0,176.0,1.7806000000000002,0.38463386249032505,1126.6610978123804,0.0,0.0,0.035261255,1,High Risk - Severe Poverty,High
Port Harcourt,Rivers,4.82416667,7.03361111,3.0217429809373884,0.0351,8.3898,41.8616,1.3755,812.9595735908262,0.0,176.0,1.7806000000000002,0.41116731667005585,1681.9417125575665,0.0,0.0,0.036542065,1,High Risk - Severe Poverty,High
Tai,Rivers,4.71666667,7.3,0.13137901298927537,0.0351,8.3898,41.8616,1.3755,812.9595735908262,24.0,176.0,1.7806000000000002,0.35748076664188827,1037.10868740286,0.0,0.0,0.03539053,1,High Risk - Severe Poverty,High
Binji,Sokoto,13.21666667,4.91666667,0.0,0.4372,70.739,61.8037,51.402,209.9213619298626,32.0,198.0,0.9494,0.414328999495973,1689.1242292436905,1346.0,0.0,0.4371161,0,Critical - Humanitarian Emergency,Critical
Bodinga,Sokoto,12.88333333,5.16666667,0.019490688435895288,0.4372,70.739,61.8037,51.402,209.92136192986263,37.0,198.0,1.0449000000000002,0.43209219230825713,1758.3830452903662,2809.0,0.0,0.43713337,0,Critical - Humanitarian Emergency,Critical
Dange/Shuni,Sokoto,12.85,5.35,0.1792630613451339,0.4372,70.739,61.8037,51.402,209.92136192986263,0.0,198.0,1.5484,0.4266400552742865,1516.8355824596383,0.0,0.0,0.43016016,0,Critical - Humanitarian Emergency,Critical
Gada,Sokoto,13.76666667,5.66666667,0.0,0.4372,70.739,61.8037,51.402,209.92136192986263,50.0,198.0,0.96982,0.390079704154617,1746.414463027087,1582.0,0.0,0.43680885,0,Critical - Humanitarian Emergency,Critical
Goronyo,Sokoto,13.45305556,5.67638889,0.002183622337545755,0.4372,70.739,61.8037,51.402,209.92136192986263,42.0,198.0,0.7354400000000001,0.4495625052654771,1551.084826589745,12351.0,0.0,0.4371725,0,Critical - Humanitarian Emergency,Critical
Gudu,Sokoto,13.46666667,4.43333333,0.0,0.4372,70.739,61.8037,51.402,209.92136192986263,27.0,198.0,1.0449000000000002,0.42002243988643,1668.5340021012496,2718.0,0.0,0.43766218,0,Critical - Humanitarian Emergency,Critical
Gwadabawa,Sokoto,13.3697,5.23,6.267716718972339e-05,0.4372,70.739,61.8037,51.402,209.92136192986263,57.0,198.0,1.23148,0.26128979971270444,1312.9838553539305,1794.0,0.0,0.43748444,0,Critical - Humanitarian Emergency,Critical
Illela,Sokoto,13.7325,5.30027778,0.0031087865353132313,0.4372,70.739,61.8037,51.402,209.9213619298626,54.0,198.0,1.18594,0.41209719232143494,1347.5908443056971,4748.0,0.0,0.43656522,0,Critical - Humanitarian Emergency,Critical
Isa,Sokoto,13.20027778,6.40722222,0.0002587578907319276,0.4372,70.739,61.8037,51.402,209.92136192986263,43.0,198.0,0.9038600000000001,0.4664248004741038,1624.8124592963059,4577.0,0.0,0.43696785,0,Critical - Humanitarian Emergency,Critical
Kware,Sokoto,13.21805556,5.26722222,0.009259182709338313,0.4372,70.739,61.8037,51.402,209.92136192986263,48.0,198.0,0.7809800000000001,0.42323023138526866,1720.518391693764,2250.0,0.0,0.4371202,0,Critical - Humanitarian Emergency,Critical
Rabah,Sokoto,13.11666667,5.51666667,7.055178890383341e-05,0.4372,70.739,61.8037,51.402,209.92136192986263,32.0,198.0,0.7354400000000001,0.44263676636654287,1629.2778660531212,12497.0,0.0,0.4373698,0,Critical - Humanitarian Emergency,Critical
Sabon Birni,Sokoto,13.5611,6.325,0.0006834337587513239,0.4372,70.739,61.8037,51.402,209.92136192986263,52.0,198.0,0.61482,0.3534267522074277,1367.0869704213287,7722.0,0.0,0.436964,0,Critical - Humanitarian Emergency,Critical
Shagari,Sokoto,12.63333333,5.0,0.0002463683192885644,0.4372,70.739,61.8037,51.402,209.92136192986263,40.0,198.0,0.72848,0.46762617820292146,1451.6301415319554,789.0,0.0,0.43666893,0,Critical - Humanitarian Emergency,Critical
Silame,Sokoto,13.03333333,4.85,0.0,0.4372,70.739,61.8037,51.402,209.92136192986263,43.0,198.0,0.8287800000000001,0.390079704154617,1746.4144630270869,1538.0,0.0,0.43746892,0,Critical - Humanitarian Emergency,Critical
Sokoto North,Sokoto,13.05,5.23333333,1.1313610402246317,0.4372,70.739,61.8037,51.402,209.9213619298626,21.0,198.0,0.8764800000000001,0.37577167313664583,1382.4182927903937,2624.0,0.0,0.4385219,0,Critical - Humanitarian Emergency,Critical
Sokoto South,Sokoto,13.05,5.21666667,1.6006400469494493,0.4372,70.739,61.8037,51.402,209.92136192986263,42.0,198.0,0.7809800000000001,0.40606112253435434,1348.4979325656554,4284.0,0.0,0.43724436,0,Critical - Humanitarian Emergency,Critical
Tambuwal,Sokoto,12.31666667,4.8,0.0020690337846798997,0.4372,70.739,61.8037,51.402,209.9213619298626,58.0,198.0,0.9494,0.40796388587494714,1293.2228498601924,4432.0,0.0,0.437031,0,Critical - Humanitarian Emergency,Critical
Tangaza,Sokoto,13.5167,4.96667,0.0,0.4372,70.739,61.8037,51.402,209.92136192986263,42.0,198.0,0.9220200000000001,0.33769954132831226,956.1131711321857,7046.0,0.0,0.4376432,0,Critical - Humanitarian Emergency,Critical
Tureta,Sokoto,12.58944444,5.54694444,0.0,0.4372,70.739,61.8037,51.402,209.92136192986263,25.0,198.0,0.8969000000000001,0.3566784868619102,1050.2087832315267,4907.0,0.0,0.44040617,0,Critical - Humanitarian Emergency,Critical
Wamako,Sokoto,13.03777778,5.09361111,0.006158962853239529,0.4372,70.739,61.8037,51.402,209.92136192986263,73.0,198.0,1.04264,0.47841004565583684,1751.2525439777505,3710.0,0.0,0.43648383,0,Critical - Humanitarian Emergency,Critical
Wurno,Sokoto,13.28416667,5.4275,0.0013604430428328662,0.4372,70.739,61.8037,51.402,209.9213619298626,33.0,198.0,0.58744,0.36041686163418885,1413.2859089957708,8487.0,0.0,0.43712643,0,Critical - Humanitarian Emergency,Critical
Yabo,Sokoto,12.71916667,5.00616667,0.002098736925007299,0.4372,70.739,61.8037,51.402,209.92136192986263,23.0,198.0,1.5484,0.47708493788029205,1958.887387869482,31.0,0.0,0.4376971,0,Critical - Humanitarian Emergency,Critical
Kebbe,Sokoto,12.13333333,4.73333333,0.0004312242487175578,0.4372,70.739,61.8037,51.402,209.92136192986263,30.0,198.0,0.8726200000000001,0.34377345966974954,997.9775319337181,358.0,0.0,0.43418506,0,Critical - Humanitarian Emergency,Critical
Ardo Kola,Taraba,8.8467,11.2067,0.32080262059009285,0.2702,56.704,47.6506,25.4282,61.38135770556986,0.0,339.0,0.7809800000000001,0.4023792606061757,1312.6954426592924,4415.0,0.0,0.27742985,0,Critical - Humanitarian Emergency,Critical
Bali,Taraba,7.854286164866859,10.963562199223984,0.0,0.2702,56.704,47.6506,25.4282,61.38135770556987,105.0,339.0,1.0630600000000001,0.303441891560406,1033.6203510038956,6306.0,0.0,0.2700575,0,Critical - Humanitarian Emergency,Critical
Donga,Taraba,7.55,10.28333333,0.001744140198715629,0.2702,56.704,47.6506,25.4282,61.38135770556987,85.0,339.0,0.7307400000000001,0.3824555685016719,1229.8677842493285,5120.0,0.0,0.27073133,0,Critical - Humanitarian Emergency,Critical
Gashaka,Taraba,7.506556,11.364155,0.00016146242010567816,0.2702,56.704,47.6506,25.4282,61.38135770556987,38.0,339.0,0.7535999999999999,0.4685276553869867,1447.0997139739582,921.0,0.0,0.27013376,0,Critical - Humanitarian Emergency,Critical
Gassol,Taraba,8.4,10.5333,0.002229264826524463,0.2702,56.704,47.6506,25.4282,61.38135770556987,98.0,339.0,0.8946400000000001,0.46687583398775,1756.9570237339547,10484.0,0.0,0.2717289,0,Critical - Humanitarian Emergency,Critical
Ibi,Taraba,8.31666667,9.85,0.0005709321207371612,0.2702,56.704,47.6506,25.4282,61.381357705569876,51.0,339.0,0.7307400000000001,0.3602978782901463,1176.5977400160643,2736.0,0.0,0.2703263,0,Critical - Humanitarian Emergency,Critical
Jalingo,Taraba,8.9,11.36666667,0.2799219782084866,0.2702,56.704,47.6506,25.4282,61.38135770556986,81.0,339.0,0.63524,0.3799932254471658,1676.9397041561679,8807.0,0.0,0.2648504,0,Critical - Humanitarian Emergency,Critical
Karim Lamido,Taraba,9.2,10.8833,5.1457261798357724e-05,0.2702,56.704,47.6506,25.4282,61.38135770556986,0.0,339.0,1.3441,0.4475900700146946,1534.4314328720654,0.0,0.0,0.270512,0,Critical - Humanitarian Emergency,Critical
Kurmi,Taraba,8.708857,10.080541,0.0,0.2702,56.704,47.6506,25.4282,61.38135770556987,59.0,339.0,0.8287800000000001,0.42118186333585433,1731.099439522944,1298.0,0.0,0.2707028,1,High Risk - Severe Poverty,High
Lau,Taraba,9.18694444,11.42,0.0011500673024885115,0.2702,56.704,47.6506,25.4282,61.38135770556987,69.0,339.0,0.8287800000000001,0.2900509348138231,1078.0963330248283,1387.0,0.0,0.27071127,0,Critical - Humanitarian Emergency,Critical
Sardauna,Taraba,6.95,11.116667,0.00035652212061938694,0.2702,56.704,47.6506,25.4282,61.38135770556986,179.0,339.0,0.6148200000000001,0.40563890151848564,1614.3432442047338,984.0,0.0,0.26884174,0,Critical - Humanitarian Emergency,Critical
Takum,Taraba,7.25,9.98333333,0.004363042701437931,0.2702,56.704,47.6506,25.4282,61.38135770556987,112.0,339.0,0.94244,0.3226865673498986,758.0518087883999,5029.0,0.0,0.27099788,0,Critical - Humanitarian Emergency,Critical
Ussa,Taraba,7.11666667,10.08333333,0.0,0.2702,56.704,47.6506,25.4282,61.38135770556987,87.0,339.0,1.1108600000000002,0.39199446142629046,1806.514453925543,1747.0,0.0,0.26992077,0,Critical - Humanitarian Emergency,Critical
Wukari,Taraba,7.85,9.78333333,0.006733303556734603,0.2702,56.704,47.6506,25.4282,61.38135770556987,128.0,339.0,0.9016000000000002,0.3209106130778484,871.898311241522,12978.0,0.0,0.27356625,0,Critical - Humanitarian Emergency,Critical
Yorro,Taraba,8.749986,11.616698,0.009980402690349915,0.2702,56.704,47.6506,25.4282,61.38135770556987,75.0,339.0,0.56006,0.39225190578308516,1480.1571718793286,790.0,0.0,0.26576272,0,Critical - Humanitarian Emergency,Critical
Zing,Taraba,8.993239,11.740887,0.008867358851690202,0.2702,56.704,47.6506,25.4282,61.38135770556987,69.0,339.0,0.752,0.255604652952424,913.8370578111628,574.0,0.0,0.2698315,0,Critical - Humanitarian Emergency,Critical
Bade,Yobe,12.86666667,10.96666667,0.009844091828417414,0.3428,63.0234,54.3901,43.5571,79.69076141281693,31.0,108.0,0.68294,0.4782007338571684,2023.3957085367954,22005.0,0.0,0.34282893,0,Critical - Humanitarian Emergency,Critical
Bursari,Yobe,12.75,11.76666667,0.00013639986830413657,0.3428,63.0234,54.3901,43.5571,79.69076141281694,0.0,108.0,1.01526,0.3643038141726329,984.5601707591549,6511.0,0.0,0.342669,0,Critical - Humanitarian Emergency,Critical
Damaturu,Yobe,11.74444444,11.96111111,0.07341339974081984,0.3428,63.0234,54.3901,43.5571,79.69076141281694,34.0,108.0,0.73318,0.48946272388970036,1959.1817568156032,27871.0,0.0,0.34226125,0,Critical - Humanitarian Emergency,Critical
Fika,Yobe,11.41666667,11.21666667,0.0035159312342832767,0.3428,63.0234,54.3901,43.5571,79.69076141281694,63.0,108.0,0.94244,0.3066135672920715,856.8600135215487,5260.0,0.0,0.34220973,0,Critical - Humanitarian Emergency,Critical
Fune,Yobe,11.88333333,11.9,0.002738845314563478,0.3428,63.0234,54.3901,43.5571,79.69076141281693,58.0,108.0,0.78098,0.40606112253435434,1348.4979325656554,4236.0,0.0,0.3418866,0,Critical - Humanitarian Emergency,Critical
Geidam,Yobe,12.71666667,12.03333333,0.0013720738465427314,0.3428,63.0234,54.3901,43.5571,79.69076141281694,37.0,108.0,0.8491,0.3786309003065541,986.6319474040326,11489.0,0.0,0.342816,0,Critical - Humanitarian Emergency,Critical
Gujba,Yobe,11.49777778,11.93083333,0.0021448918867422004,0.3428,63.0234,54.3901,43.5571,79.69076141281694,23.0,108.0,0.5464200000000001,0.4368028941374911,1887.9719305572926,52077.0,0.0,0.3431579,0,Critical - Humanitarian Emergency,Critical
Gulani,Yobe,11.0,11.71666667,7.671349391751524e-05,0.3428,63.0234,54.3901,43.5571,79.69076141281693,43.0,108.0,1.01526,0.21626139416227536,930.9285888172801,6586.0,0.0,0.34294334,0,Critical - Humanitarian Emergency,Critical
Jakusko,Yobe,12.41666667,10.93333333,0.002144354387194841,0.3428,63.0234,54.3901,43.5571,79.69076141281693,52.0,108.0,0.7809800000000001,0.40700968698071094,1503.0741644186714,2263.0,0.0,0.34153306,0,Critical - Humanitarian Emergency,Critical
Karasuwa,Yobe,13.0,10.78333333,0.0030448006167735245,0.3428,63.0234,54.3901,43.5571,79.69076141281693,27.0,108.0,0.7809800000000001,0.29640726980175225,736.844094291334,1113.0,0.0,0.34320942,0,Critical - Humanitarian Emergency,Critical
Machina,Yobe,13.1,10.0,0.0026043706628168153,0.3428,63.0234,54.3901,43.5571,79.69076141281694,28.0,108.0,0.9494,0.3637242259119984,1218.5474535644933,1359.0,0.0,0.3431009,0,Critical - Humanitarian Emergency,Critical
Nangere,Yobe,11.85,10.96666667,0.003710128711881461,0.3428,63.0234,54.3901,43.5571,79.69076141281694,60.0,108.0,0.75586,0.3498050222222223,963.942944898722,2545.0,0.0,0.34218735,0,Critical - Humanitarian Emergency,Critical
Nguru,Yobe,12.875,10.458333,0.03636763321268192,0.3428,63.0234,54.3901,43.5571,79.69076141281693,36.0,108.0,1.04264,0.35218841705469084,1419.630359456231,6595.0,0.0,0.34231967,0,Critical - Humanitarian Emergency,Critical
Potiskum,Yobe,11.7092,11.0694,0.16025257603077392,0.3428,63.0234,54.3901,43.5571,79.69076141281694,39.0,108.0,0.63524,0.325726292617231,934.4251611726729,8724.0,0.0,0.34336463,0,Critical - Humanitarian Emergency,Critical
Tarmuwa,Yobe,12.2,11.78333333,0.0006548665513538474,0.3428,63.0234,54.3901,43.5571,79.69076141281693,24.0,108.0,1.5484,0.5240872569205117,1678.5206027775428,0.0,0.0,0.34067047,0,Critical - Humanitarian Emergency,Critical
Yunusari,Yobe,13.11666667,11.73333333,0.0002160932125753901,0.3428,63.0234,54.3901,43.5571,79.69076141281693,43.0,108.0,1.2110600000000002,0.44753282667959693,1528.4898793548161,2276.0,0.0,0.34213433,0,Critical - Humanitarian Emergency,Critical
Yusufari,Yobe,13.18333333,10.85,0.0010180894468651443,0.3428,63.0234,54.3901,43.5571,79.69076141281693,27.0,108.0,0.9220200000000001,0.39724757034823177,1564.5614152110652,2070.0,0.0,0.34255078,0,Critical - Humanitarian Emergency,Critical
Anka,Zamfara,11.98333333,6.03333333,0.0006160871093449369,0.3913,71.8695,54.4413,44.736,169.88963461695707,61.0,274.0,0.5213,0.21419693232185844,932.099696162058,42311.0,0.0,0.3783748,0,Critical - Humanitarian Emergency,Critical
Bakura,Zamfara,12.15,5.9,0.0010452643256033622,0.3913,71.8695,54.4413,44.736,169.88963461695707,34.0,274.0,1.09044,0.41209719232143494,1347.5908443056971,4653.0,0.0,0.39117917,0,Critical - Humanitarian Emergency,Critical
Birnin Magaji/Kiyaw,Zamfara,12.46666667,6.9,0.009488522611817063,0.3913,71.8695,54.4413,44.736,169.8896346169571,0.0,274.0,1.3441,0.3298340309498993,786.7795989619933,0.0,0.0,0.3904562,0,Critical - Humanitarian Emergency,Critical
Bukkuyum,Zamfara,12.0,5.61666667,0.0,0.3913,71.8695,54.4413,44.736,169.88963461695707,45.0,274.0,0.8491,0.42990744969191236,1559.6812163415793,11364.0,0.0,0.3913002,0,Critical - Humanitarian Emergency,Critical
Bungudu,Zamfara,12.15,6.5,0.007729029381016684,0.3913,71.8695,54.4413,44.736,169.88963461695707,98.0,274.0,0.72848,0.3437458661827398,917.7019097055836,10738.0,0.0,0.38912296,0,Critical - Humanitarian Emergency,Critical
Gummi,Zamfara,12.05,5.16666667,0.0006487377397723337,0.3913,71.8695,54.4413,44.736,169.88963461695707,56.0,274.0,1.0197800000000001,0.5021092273725208,1689.6594209850075,3089.0,0.0,0.39117894,0,Critical - Humanitarian Emergency,Critical
Gusau,Zamfara,12.166667,6.666667,0.038785275005909246,0.3913,71.8695,54.4413,44.736,169.88963461695707,108.0,274.0,0.84684,0.34380681747893094,997.3110222250617,26315.0,0.0,0.39154536,0,Critical - Humanitarian Emergency,Critical
Kaura Namoda,Zamfara,12.6,6.589722,0.0040016052273677116,0.3913,71.8695,54.4413,44.736,169.8896346169571,83.0,274.0,1.2314800000000001,0.41209719232143494,1347.590844305697,4762.0,0.0,0.39069325,0,Critical - Humanitarian Emergency,Critical
Maradun,Zamfara,12.75,6.28333333,0.0004247754611888853,0.3913,71.8695,54.4413,44.736,169.8896346169571,56.0,274.0,0.8764800000000001,0.3474494841289432,800.3002416540935,3579.0,0.0,0.39144734,0,Critical - Humanitarian Emergency,Critical
Maru,Zamfara,11.6,6.28333333,6.447409332843152e-05,0.3913,71.8695,54.4413,44.736,169.8896346169571,80.0,274.0,0.8968999999999999,0.4144178196112385,1495.3738049476465,5844.0,0.0,0.3906808,0,Critical - Humanitarian Emergency,Critical
Shinkafi,Zamfara,13.03333333,6.51666667,0.0039694090587760475,0.3913,71.8695,54.4413,44.736,169.8896346169571,52.0,274.0,1.18594,0.3279221945618403,830.1668535143002,14139.0,0.0,0.3917162,0,Critical - Humanitarian Emergency,Critical
Talata Mafara,Zamfara,12.35,6.06666667,0.011730856303848437,0.3913,71.8695,54.4413,44.736,169.88963461695707,65.0,274.0,0.78098,0.4453620380919531,1629.8481845407618,4085.0,0.0,0.39135087,0,Critical - Humanitarian Emergency,Critical
Tsafe,Zamfara,11.93333333,6.9,0.0022534755958604213,0.3913,71.8695,54.4413,44.736,169.8896346169571,68.0,274.0,1.01526,0.20130217208992077,949.0606884192396,6500.0,0.0,0.39138174,0,Critical - Humanitarian Emergency,Critical
Zurmi,Zamfara,12.85,6.73333333,0.0007863823170346746,0.3913,71.8695,54.4413,44.736,169.88963461695707,70.0,274.0,0.8491,0.46687583398775,1756.9570237339547,10602.0,0.0,0.39115962,0,Critical - Humanitarian Emergency,Critical
